timestamp,symbol,action,price,quantity,pnl,duration,position,status,ib_order_id
2024-12-01T10:50:00+00:00,SPY,BUY,452.8602,100,0.0,0.0,LONG,Filled,50016
2024-12-01T11:46:13+00:00,SPY,SELL,456.537,100,367.68,3373.0,NONE,Filled,50017
2024-12-01T12:12:00+00:00,SPY,BUY,450.6732,100,0.0,0.0,LONG,Filled,50026
2024-12-01T12:37:00+00:00,SPY,BUY,446.4633,100,0.0,0.0,LONG,Filled,50008
2024-12-01T12:50:00+00:00,SPY,BUY,441.404,100,0.0,0.0,LONG,Filled,50028
2024-12-01T12:54:58+00:00,SPY,SELL,444.373,100,-630.02,2578.0,NONE,Filled,50027
2024-12-01T13:27:34+00:00,SPY,SELL,443.0749,100,-338.85,3034.0,NONE,Filled,50009
2024-12-01T13:33:00+00:00,SPY,BUY,446.1883,100,0.0,0.0,LONG,Filled,50010
2024-12-01T13:41:00+00:00,SPY,BUY,447.9997,100,0.0,0.0,LONG,Filled,50020
2024-12-01T13:46:59+00:00,SPY,SELL,448.0395,100,663.55,3419.0,NONE,Filled,50029
2024-12-01T13:47:00+00:00,SPY,BUY,450.6114,100,0.0,0.0,LONG,Filled,50004
2024-12-01T13:48:46+00:00,SPY,SELL,448.8547,100,266.63,946.0,NONE,Filled,50011
2024-12-01T13:49:00+00:00,SPY,BUY,449.2303,100,0.0,0.0,LONG,Filled,50018
2024-12-01T14:07:35+00:00,SPY,SELL,455.3203,100,609.01,1115.0,NONE,Filled,50019
2024-12-01T14:09:00+00:00,SPY,BUY,441.694,100,0.0,0.0,LONG,Filled,50022
2024-12-01T14:20:19+00:00,SPY,SELL,445.8654,100,417.14,679.0,NONE,Filled,50023
2024-12-01T14:22:00+00:00,SPY,BUY,453.5572,100,0.0,0.0,LONG,Filled,50030
2024-12-01T14:30:00+00:00,SPY,BUY,444.6025,100,0.0,0.0,LONG,Filled,50024
2024-12-01T14:32:07+00:00,SPY,SELL,443.7543,100,-424.54,3067.0,NONE,Filled,50021
2024-12-01T14:32:33+00:00,SPY,SELL,454.1041,100,349.27,2733.0,NONE,Filled,50005
2024-12-01T14:43:00+00:00,SPY,BUY,436.4421,100,0.0,0.0,LONG,Filled,50006
2024-12-01T14:53:10+00:00,SPY,SELL,456.6387,100,308.14,1870.0,NONE,Filled,50031
2024-12-01T14:55:54+00:00,SPY,SELL,434.4022,100,-203.99,774.0,NONE,Filled,50007
2024-12-01T14:59:55+00:00,SPY,SELL,448.1516,100,354.91,1795.0,NONE,Filled,50025
2024-12-01T15:00:00+00:00,SPY,BUY,439.6375,100,0.0,0.0,LONG,Filled,50002
2024-12-01T15:09:00+00:00,SPY,BUY,453.194,100,0.0,0.0,LONG,Filled,50014
2024-12-01T15:18:00+00:00,SPY,BUY,452.7187,100,0.0,0.0,LONG,Filled,50000
2024-12-01T15:53:39+00:00,SPY,SELL,438.21,100,-142.75,3219.0,NONE,Filled,50003
2024-12-01T15:56:36+00:00,SPY,SELL,450.8916,100,-230.24,2856.0,NONE,Filled,50015
2024-12-01T15:57:00+00:00,SPY,BUY,449.4413,100,0.0,0.0,LONG,Filled,50012
2024-12-01T16:14:32+00:00,SPY,SELL,456.0416,100,332.29,3392.0,NONE,Filled,50001
2024-12-01T16:36:01+00:00,SPY,SELL,452.347,100,290.57,2341.0,NONE,Filled,50013
2024-12-02T09:44:00+00:00,SPY,BUY,449.8122,100,0.0,0.0,LONG,Filled,50034
2024-12-02T10:03:23+00:00,SPY,SELL,446.7659,100,-304.63,1163.0,NONE,Filled,50035
2024-12-02T10:05:00+00:00,SPY,BUY,450.9728,100,0.0,0.0,LONG,Filled,50038
2024-12-02T10:31:00+00:00,SPY,BUY,455.1751,100,0.0,0.0,LONG,Filled,50040
2024-12-02T10:53:31+00:00,SPY,SELL,460.2947,100,511.96,1351.0,NONE,Filled,50041
2024-12-02T11:02:37+00:00,SPY,SELL,446.2411,100,-473.17,3457.0,NONE,Filled,50039
2024-12-02T11:05:00+00:00,SPY,BUY,446.1718,100,0.0,0.0,LONG,Filled,50036
2024-12-02T11:05:00+00:00,SPY,BUY,440.0725,100,0.0,0.0,LONG,Filled,50048
2024-12-02T11:39:00+00:00,SPY,BUY,438.6132,100,0.0,0.0,LONG,Filled,50054
2024-12-02T11:39:00+00:00,SPY,BUY,448.9402,100,0.0,0.0,LONG,Filled,50052
2024-12-02T11:40:53+00:00,SPY,SELL,433.6697,100,-640.28,2153.0,NONE,Filled,50049
2024-12-02T11:47:58+00:00,SPY,SELL,453.4592,100,728.74,2578.0,NONE,Filled,50037
2024-12-02T12:12:53+00:00,SPY,SELL,445.2284,100,661.52,2033.0,NONE,Filled,50055
2024-12-02T12:13:19+00:00,SPY,SELL,446.3028,100,-263.74,2059.0,NONE,Filled,50053
2024-12-02T12:14:00+00:00,SPY,BUY,444.5917,100,0.0,0.0,LONG,Filled,50046
2024-12-02T12:30:03+00:00,SPY,SELL,441.5336,100,-305.81,963.0,NONE,Filled,50047
2024-12-02T13:46:00+00:00,SPY,BUY,445.5039,100,0.0,0.0,LONG,Filled,50032
2024-12-02T13:57:37+00:00,SPY,SELL,451.2246,100,572.07,697.0,NONE,Filled,50033
2024-12-02T14:24:00+00:00,SPY,BUY,441.5685,100,0.0,0.0,LONG,Filled,50050
2024-12-02T15:00:00+00:00,SPY,BUY,446.8922,100,0.0,0.0,LONG,Filled,50042
2024-12-02T15:18:59+00:00,SPY,SELL,447.8138,100,624.53,3299.0,NONE,Filled,50051
2024-12-02T15:29:56+00:00,SPY,SELL,449.8644,100,297.22,1796.0,NONE,Filled,50043
2024-12-02T15:46:00+00:00,SPY,BUY,443.8356,100,0.0,0.0,LONG,Filled,50044
2024-12-02T16:02:49+00:00,SPY,SELL,448.8337,100,499.81,1009.0,NONE,Filled,50045
2024-12-03T10:07:00+00:00,SPY,BUY,451.3541,100,0.0,0.0,LONG,Filled,50078
2024-12-03T10:15:00+00:00,SPY,BUY,451.2851,100,0.0,0.0,LONG,Filled,50084
2024-12-03T10:29:00+00:00,SPY,BUY,450.5179,100,0.0,0.0,LONG,Filled,50066
2024-12-03T10:41:59+00:00,SPY,SELL,445.6951,100,-565.9,2099.0,NONE,Filled,50079
2024-12-03T10:49:28+00:00,SPY,SELL,448.1401,100,-314.5,2068.0,NONE,Filled,50085
2024-12-03T10:53:43+00:00,SPY,SELL,447.3335,100,-318.44,1483.0,NONE,Filled,50067
2024-12-03T11:08:00+00:00,SPY,BUY,454.5353,100,0.0,0.0,LONG,Filled,50068
2024-12-03T11:19:43+00:00,SPY,SELL,448.9179,100,-561.74,703.0,NONE,Filled,50069
2024-12-03T11:25:00+00:00,SPY,BUY,451.8218,100,0.0,0.0,LONG,Filled,50070
2024-12-03T11:37:00+00:00,SPY,BUY,447.0002,100,0.0,0.0,LONG,Filled,50076
2024-12-03T11:49:49+00:00,SPY,SELL,450.8711,100,387.1,769.0,NONE,Filled,50077
2024-12-03T11:56:00+00:00,SPY,BUY,459.6032,100,0.0,0.0,LONG,Filled,50082
2024-12-03T11:57:00+00:00,SPY,BUY,446.0978,100,0.0,0.0,LONG,Filled,50060
2024-12-03T12:00:00+00:00,SPY,BUY,459.3672,100,0.0,0.0,LONG,Filled,50064
2024-12-03T12:01:16+00:00,SPY,SELL,455.6326,100,-397.07,316.0,NONE,Filled,50083
2024-12-03T12:02:00+00:00,SPY,BUY,460.443,100,0.0,0.0,LONG,Filled,50072
2024-12-03T12:09:22+00:00,SPY,SELL,453.4842,100,-588.3,562.0,NONE,Filled,50065
2024-12-03T12:22:56+00:00,SPY,SELL,467.664,100,722.1,1256.0,NONE,Filled,50073
2024-12-03T12:23:00+00:00,SPY,BUY,453.6798,100,0.0,0.0,LONG,Filled,50090
2024-12-03T12:24:49+00:00,SPY,SELL,449.8439,100,374.61,1669.0,NONE,Filled,50061
2024-12-03T12:24:58+00:00,SPY,SELL,460.4525,100,863.07,3598.0,NONE,Filled,50071
2024-12-03T12:33:00+00:00,SPY,BUY,455.8023,100,0.0,0.0,LONG,Filled,50056
2024-12-03T13:16:21+00:00,SPY,SELL,457.6778,100,399.8,3201.0,NONE,Filled,50091
2024-12-03T13:16:47+00:00,SPY,SELL,464.805,100,900.27,2627.0,NONE,Filled,50057
2024-12-03T13:29:00+00:00,SPY,BUY,449.1784,100,0.0,0.0,LONG,Filled,50058
2024-12-03T13:36:00+00:00,SPY,BUY,444.1388,100,0.0,0.0,LONG,Filled,50094
2024-12-03T13:37:06+00:00,SPY,SELL,451.6991,100,252.06,486.0,NONE,Filled,50059
2024-12-03T14:15:00+00:00,SPY,BUY,458.4402,100,0.0,0.0,LONG,Filled,50080
2024-12-03T14:18:00+00:00,SPY,BUY,444.7007,100,0.0,0.0,LONG,Filled,50074
2024-12-03T14:21:55+00:00,SPY,SELL,440.0811,100,-405.77,2755.0,NONE,Filled,50095
2024-12-03T14:31:00+00:00,SPY,BUY,450.4971,100,0.0,0.0,LONG,Filled,50086
2024-12-03T14:45:04+00:00,SPY,SELL,465.7004,100,726.02,1804.0,NONE,Filled,50081
2024-12-03T14:48:27+00:00,SPY,SELL,438.8347,100,-586.59,1827.0,NONE,Filled,50075
2024-12-03T14:52:00+00:00,SPY,BUY,454.2184,100,0.0,0.0,LONG,Filled,50088
2024-12-03T14:52:20+00:00,SPY,SELL,454.5638,100,406.67,1280.0,NONE,Filled,50087
2024-12-03T15:21:00+00:00,SPY,BUY,453.3805,100,0.0,0.0,LONG,Filled,50062
2024-12-03T15:26:18+00:00,SPY,SELL,447.7866,100,-643.18,2058.0,NONE,Filled,50089
2024-12-03T15:55:00+00:00,SPY,BUY,456.5348,100,0.0,0.0,LONG,Filled,50092
2024-12-03T16:04:05+00:00,SPY,SELL,460.828,100,429.32,545.0,NONE,Filled,50093
2024-12-03T16:14:39+00:00,SPY,SELL,457.9669,100,458.64,3219.0,NONE,Filled,50063
2024-12-04T09:30:00+00:00,SPY,BUY,443.165,100,0.0,0.0,LONG,Filled,50112
2024-12-04T09:54:01+00:00,SPY,SELL,438.3246,100,-484.04,1441.0,NONE,Filled,50113
2024-12-04T10:05:00+00:00,SPY,BUY,454.4951,100,0.0,0.0,LONG,Filled,50096
2024-12-04T10:20:00+00:00,SPY,BUY,463.0314,100,0.0,0.0,LONG,Filled,50100
2024-12-04T10:44:08+00:00,SPY,SELL,456.8615,100,-616.98,1448.0,NONE,Filled,50101
2024-12-04T10:52:39+00:00,SPY,SELL,457.1137,100,261.86,2859.0,NONE,Filled,50097
2024-12-04T11:05:00+00:00,SPY,BUY,453.9885,100,0.0,0.0,LONG,Filled,50124
2024-12-04T11:17:00+00:00,SPY,BUY,446.7052,100,0.0,0.0,LONG,Filled,50104
2024-12-04T11:18:35+00:00,SPY,SELL,447.4844,100,-650.42,815.0,NONE,Filled,50125
2024-12-04T11:26:00+00:00,SPY,BUY,450.6273,100,0.0,0.0,LONG,Filled,50110
2024-12-04T11:36:36+00:00,SPY,SELL,451.695,100,498.98,1176.0,NONE,Filled,50105
2024-12-04T11:56:00+00:00,SPY,BUY,447.5707,100,0.0,0.0,LONG,Filled,50108
2024-12-04T12:03:11+00:00,SPY,SELL,454.0518,100,342.45,2231.0,NONE,Filled,50111
2024-12-04T12:17:00+00:00,SPY,BUY,449.6582,100,0.0,0.0,LONG,Filled,50130
2024-12-04T12:19:01+00:00,SPY,SELL,449.9788,100,240.8,1381.0,NONE,Filled,50109
2024-12-04T12:34:55+00:00,SPY,SELL,456.5039,100,684.57,1075.0,NONE,Filled,50131
2024-12-04T13:09:00+00:00,SPY,BUY,453.7826,100,0.0,0.0,LONG,Filled,50118
2024-12-04T13:34:27+00:00,SPY,SELL,461.2475,100,746.49,1527.0,NONE,Filled,50119
2024-12-04T13:35:00+00:00,SPY,BUY,449.698,100,0.0,0.0,LONG,Filled,50122
2024-12-04T13:36:00+00:00,SPY,BUY,452.2928,100,0.0,0.0,LONG,Filled,50116
2024-12-04T13:47:00+00:00,SPY,BUY,452.7675,100,0.0,0.0,LONG,Filled,50126
2024-12-04T13:57:36+00:00,SPY,SELL,456.8737,100,458.09,1296.0,NONE,Filled,50117
2024-12-04T14:06:11+00:00,SPY,SELL,457.6676,100,490.01,1151.0,NONE,Filled,50127
2024-12-04T14:34:00+00:00,SPY,BUY,446.0588,100,0.0,0.0,LONG,Filled,50102
2024-12-04T14:34:54+00:00,SPY,SELL,458.243,100,854.5,3594.0,NONE,Filled,50123
2024-12-04T15:10:00+00:00,SPY,BUY,445.4761,100,0.0,0.0,LONG,Filled,50120
2024-12-04T15:24:00+00:00,SPY,BUY,457.2824,100,0.0,0.0,LONG,Filled,50106
2024-12-04T15:29:40+00:00,SPY,SELL,443.2672,100,-279.17,3340.0,NONE,Filled,50103
2024-12-04T15:33:28+00:00,SPY,SELL,451.9893,100,-529.31,568.0,NONE,Filled,50107
2024-12-04T15:40:00+00:00,SPY,BUY,446.4456,100,0.0,0.0,LONG,Filled,50098
2024-12-04T15:42:00+00:00,SPY,BUY,452.0929,100,0.0,0.0,LONG,Filled,50114
2024-12-04T15:44:17+00:00,SPY,SELL,443.8828,100,-159.33,2057.0,NONE,Filled,50121
2024-12-04T15:49:00+00:00,SPY,BUY,453.3608,100,0.0,0.0,LONG,Filled,50128
2024-12-04T15:58:43+00:00,SPY,SELL,458.5016,100,640.88,1003.0,NONE,Filled,50115
2024-12-04T15:58:53+00:00,SPY,SELL,453.1782,100,673.26,1133.0,NONE,Filled,50099
2024-12-04T16:21:16+00:00,SPY,SELL,447.5373,100,-582.35,1936.0,NONE,Filled,50129
2024-12-05T09:48:00+00:00,SPY,BUY,454.914,100,0.0,0.0,LONG,Filled,50142
2024-12-05T10:07:10+00:00,SPY,SELL,457.7569,100,284.29,1150.0,NONE,Filled,50143
2024-12-05T10:38:00+00:00,SPY,BUY,448.198,100,0.0,0.0,LONG,Filled,50144
2024-12-05T11:24:00+00:00,SPY,BUY,449.083,100,0.0,0.0,LONG,Filled,50132
2024-12-05T11:31:00+00:00,SPY,BUY,453.2694,100,0.0,0.0,LONG,Filled,50152
2024-12-05T11:31:58+00:00,SPY,SELL,456.8003,100,860.22,3238.0,NONE,Filled,50145
2024-12-05T11:53:00+00:00,SPY,BUY,449.1253,100,0.0,0.0,LONG,Filled,50146
2024-12-05T11:56:29+00:00,SPY,SELL,443.007,100,-607.59,1949.0,NONE,Filled,50133
2024-12-05T12:00:05+00:00,SPY,SELL,449.8739,100,-339.56,1745.0,NONE,Filled,50153
2024-12-05T12:26:00+00:00,SPY,BUY,449.3786,100,0.0,0.0,LONG,Filled,50136
2024-12-05T12:39:00+00:00,SPY,BUY,444.9759,100,0.0,0.0,LONG,Filled,50138
2024-12-05T12:47:48+00:00,SPY,SELL,446.1926,100,-318.59,1308.0,NONE,Filled,50137
2024-12-05T12:52:54+00:00,SPY,SELL,456.3362,100,721.09,3594.0,NONE,Filled,50147
2024-12-05T13:06:00+00:00,SPY,BUY,448.8679,100,0.0,0.0,LONG,Filled,50134
2024-12-05T13:09:48+00:00,SPY,SELL,442.3688,100,-260.7,1848.0,NONE,Filled,50139
2024-12-05T13:10:00+00:00,SPY,BUY,448.4891,100,0.0,0.0,LONG,Filled,50148
2024-12-05T13:42:00+00:00,SPY,BUY,451.1638,100,0.0,0.0,LONG,Filled,50150
2024-12-05T13:42:32+00:00,SPY,SELL,443.1754,100,-569.26,2192.0,NONE,Filled,50135
2024-12-05T13:58:55+00:00,SPY,SELL,442.6392,100,-584.99,2935.0,NONE,Filled,50149
2024-12-05T14:06:51+00:00,SPY,SELL,458.9816,100,781.77,1491.0,NONE,Filled,50151
2024-12-05T14:15:00+00:00,SPY,BUY,452.8885,100,0.0,0.0,LONG,Filled,50140
2024-12-05T14:51:43+00:00,SPY,SELL,457.1748,100,428.64,2203.0,NONE,Filled,50141
2024-12-06T09:41:00+00:00,SPY,BUY,448.1704,100,0.0,0.0,LONG,Filled,50168
2024-12-06T09:52:12+00:00,SPY,SELL,451.6759,100,350.55,672.0,NONE,Filled,50169
2024-12-06T10:13:00+00:00,SPY,BUY,452.9226,100,0.0,0.0,LONG,Filled,50162
2024-12-06T10:31:34+00:00,SPY,SELL,448.6957,100,-422.69,1114.0,NONE,Filled,50163
2024-12-06T10:59:00+00:00,SPY,BUY,445.6685,100,0.0,0.0,LONG,Filled,50170
2024-12-06T11:12:59+00:00,SPY,SELL,454.4107,100,874.22,839.0,NONE,Filled,50171
2024-12-06T12:40:00+00:00,SPY,BUY,448.4825,100,0.0,0.0,LONG,Filled,50160
2024-12-06T12:41:00+00:00,SPY,BUY,449.6771,100,0.0,0.0,LONG,Filled,50172
2024-12-06T12:51:00+00:00,SPY,BUY,450.8413,100,0.0,0.0,LONG,Filled,50156
2024-12-06T12:52:00+00:00,SPY,BUY,452.0488,100,0.0,0.0,LONG,Filled,50164
2024-12-06T13:00:28+00:00,SPY,SELL,457.2048,100,872.22,1228.0,NONE,Filled,50161
2024-12-06T13:06:24+00:00,SPY,SELL,457.4146,100,773.76,1524.0,NONE,Filled,50173
2024-12-06T13:16:43+00:00,SPY,SELL,458.1064,100,726.51,1543.0,NONE,Filled,50157
2024-12-06T13:22:00+00:00,SPY,BUY,449.5227,100,0.0,0.0,LONG,Filled,50166
2024-12-06T13:25:02+00:00,SPY,SELL,447.8551,100,-419.37,1982.0,NONE,Filled,50165
2024-12-06T13:50:16+00:00,SPY,SELL,446.1016,100,-342.11,1696.0,NONE,Filled,50167
2024-12-06T14:46:00+00:00,SPY,BUY,455.1241,100,0.0,0.0,LONG,Filled,50158
2024-12-06T15:11:00+00:00,SPY,BUY,448.8674,100,0.0,0.0,LONG,Filled,50154
2024-12-06T15:31:34+00:00,SPY,SELL,463.9683,100,884.42,2734.0,NONE,Filled,50159
2024-12-06T15:57:32+00:00,SPY,SELL,455.8591,100,699.17,2792.0,NONE,Filled,50155
2024-12-07T10:08:00+00:00,SPY,BUY,453.5802,100,0.0,0.0,LONG,Filled,50188
2024-12-07T10:22:00+00:00,SPY,BUY,452.1653,100,0.0,0.0,LONG,Filled,50184
2024-12-07T10:23:00+00:00,SPY,BUY,455.4608,100,0.0,0.0,LONG,Filled,50190
2024-12-07T10:34:00+00:00,SPY,BUY,454.6729,100,0.0,0.0,LONG,Filled,50178
2024-12-07T10:49:05+00:00,SPY,SELL,450.5442,100,-303.6,2465.0,NONE,Filled,50189
2024-12-07T10:58:41+00:00,SPY,SELL,456.2895,100,412.42,2201.0,NONE,Filled,50185
2024-12-07T11:09:02+00:00,SPY,SELL,459.544,100,487.11,2102.0,NONE,Filled,50179
2024-12-07T11:14:54+00:00,SPY,SELL,462.8971,100,743.63,3114.0,NONE,Filled,50191
2024-12-07T13:42:00+00:00,SPY,BUY,451.5129,100,0.0,0.0,LONG,Filled,50174
2024-12-07T13:49:00+00:00,SPY,BUY,456.4889,100,0.0,0.0,LONG,Filled,50186
2024-12-07T13:58:48+00:00,SPY,SELL,447.8922,100,-362.06,1008.0,NONE,Filled,50175
2024-12-07T14:23:00+00:00,SPY,BUY,462.3787,100,0.0,0.0,LONG,Filled,50194
2024-12-07T14:24:23+00:00,SPY,SELL,460.611,100,412.21,2123.0,NONE,Filled,50187
2024-12-07T14:37:00+00:00,SPY,BUY,444.8167,100,0.0,0.0,LONG,Filled,50196
2024-12-07T14:40:00+00:00,SPY,BUY,454.8762,100,0.0,0.0,LONG,Filled,50182
2024-12-07T14:41:00+00:00,SPY,BUY,453.1615,100,0.0,0.0,LONG,Filled,50176
2024-12-07T14:50:38+00:00,SPY,SELL,470.9616,100,858.29,1658.0,NONE,Filled,50195
2024-12-07T15:03:08+00:00,SPY,SELL,457.9863,100,482.48,1328.0,NONE,Filled,50177
2024-12-07T15:04:38+00:00,SPY,SELL,451.1915,100,637.48,1658.0,NONE,Filled,50197
2024-12-07T15:10:00+00:00,SPY,BUY,459.8114,100,0.0,0.0,LONG,Filled,50192
2024-12-07T15:11:00+00:00,SPY,BUY,454.2563,100,0.0,0.0,LONG,Filled,50180
2024-12-07T15:12:48+00:00,SPY,SELL,450.4797,100,-439.65,1968.0,NONE,Filled,50183
2024-12-07T15:43:13+00:00,SPY,SELL,457.4396,100,318.33,1933.0,NONE,Filled,50181
2024-12-07T15:50:50+00:00,SPY,SELL,462.2107,100,239.94,2450.0,NONE,Filled,50193
2024-12-08T09:57:00+00:00,SPY,BUY,452.2217,100,0.0,0.0,LONG,Filled,50214
2024-12-08T09:57:00+00:00,SPY,BUY,449.9526,100,0.0,0.0,LONG,Filled,50220
2024-12-08T10:08:04+00:00,SPY,SELL,455.4849,100,326.33,664.0,NONE,Filled,50215
2024-12-08T10:22:00+00:00,SPY,BUY,450.6014,100,0.0,0.0,LONG,Filled,50200
2024-12-08T10:27:42+00:00,SPY,SELL,453.3672,100,276.58,342.0,NONE,Filled,50201
2024-12-08T10:30:00+00:00,SPY,BUY,453.6752,100,0.0,0.0,LONG,Filled,50206
2024-12-08T10:42:00+00:00,SPY,BUY,455.5784,100,0.0,0.0,LONG,Filled,50210
2024-12-08T10:49:39+00:00,SPY,SELL,454.5169,100,456.43,3159.0,NONE,Filled,50221
2024-12-08T10:50:00+00:00,SPY,BUY,455.8699,100,0.0,0.0,LONG,Filled,50198
2024-12-08T11:18:01+00:00,SPY,SELL,456.7646,100,308.93,2881.0,NONE,Filled,50207
2024-12-08T11:24:41+00:00,SPY,SELL,463.826,100,824.76,2561.0,NONE,Filled,50211
2024-12-08T11:26:15+00:00,SPY,SELL,464.8508,100,898.09,2175.0,NONE,Filled,50199
2024-12-08T13:22:00+00:00,SPY,BUY,459.8603,100,0.0,0.0,LONG,Filled,50208
2024-12-08T13:38:00+00:00,SPY,BUY,467.7504,100,0.0,0.0,LONG,Filled,50202
2024-12-08T13:59:48+00:00,SPY,SELL,466.9218,100,706.16,2268.0,NONE,Filled,50209
2024-12-08T14:03:00+00:00,SPY,BUY,462.0328,100,0.0,0.0,LONG,Filled,50218
2024-12-08T14:16:14+00:00,SPY,SELL,474.5857,100,683.53,2294.0,NONE,Filled,50203
2024-12-08T14:48:00+00:00,SPY,BUY,456.2271,100,0.0,0.0,LONG,Filled,50212
2024-12-08T14:58:02+00:00,SPY,SELL,461.824,100,559.69,602.0,NONE,Filled,50213
2024-12-08T14:59:26+00:00,SPY,SELL,469.4535,100,742.07,3386.0,NONE,Filled,50219
2024-12-08T15:29:00+00:00,SPY,BUY,451.7274,100,0.0,0.0,LONG,Filled,50204
2024-12-08T15:40:00+00:00,SPY,BUY,457.141,100,0.0,0.0,LONG,Filled,50216
2024-12-08T16:05:27+00:00,SPY,SELL,458.5094,100,678.19,2187.0,NONE,Filled,50205
2024-12-08T16:31:37+00:00,SPY,SELL,455.6024,100,-153.86,3097.0,NONE,Filled,50217
2024-12-09T09:30:00+00:00,SPY,BUY,457.6829,100,0.0,0.0,LONG,Filled,50250
2024-12-09T09:35:00+00:00,SPY,BUY,453.8163,100,0.0,0.0,LONG,Filled,50226
2024-12-09T10:03:00+00:00,SPY,BUY,462.4132,100,0.0,0.0,LONG,Filled,50224
2024-12-09T10:05:55+00:00,SPY,SELL,451.7626,100,-592.03,2155.0,NONE,Filled,50251
2024-12-09T10:12:55+00:00,SPY,SELL,458.3341,100,451.78,2275.0,NONE,Filled,50227
2024-12-09T10:37:00+00:00,SPY,BUY,459.3602,100,0.0,0.0,LONG,Filled,50222
2024-12-09T10:38:00+00:00,SPY,BUY,457.4004,100,0.0,0.0,LONG,Filled,50248
2024-12-09T10:47:00+00:00,SPY,BUY,444.7759,100,0.0,0.0,LONG,Filled,50254
2024-12-09T10:54:35+00:00,SPY,SELL,466.6936,100,428.04,3095.0,NONE,Filled,50225
2024-12-09T10:59:00+00:00,SPY,BUY,453.6833,100,0.0,0.0,LONG,Filled,50240
2024-12-09T11:01:29+00:00,SPY,SELL,465.3579,100,599.77,1469.0,NONE,Filled,50223
2024-12-09T11:02:20+00:00,SPY,SELL,462.2893,100,488.89,1460.0,NONE,Filled,50249
2024-12-09T11:21:32+00:00,SPY,SELL,451.5564,100,678.05,2072.0,NONE,Filled,50255
2024-12-09T11:27:00+00:00,SPY,BUY,449.8829,100,0.0,0.0,LONG,Filled,50238
2024-12-09T11:35:57+00:00,SPY,SELL,459.226,100,554.27,2217.0,NONE,Filled,50241
2024-12-09T11:40:51+00:00,SPY,SELL,452.9072,100,302.44,831.0,NONE,Filled,50239
2024-12-09T13:09:00+00:00,SPY,BUY,452.8533,100,0.0,0.0,LONG,Filled,50234
2024-12-09T13:18:00+00:00,SPY,BUY,453.5947,100,0.0,0.0,LONG,Filled,50252
2024-12-09T13:35:04+00:00,SPY,SELL,457.4663,100,387.16,1024.0,NONE,Filled,50253
2024-12-09T13:47:41+00:00,SPY,SELL,446.4443,100,-640.9,2321.0,NONE,Filled,50235
2024-12-09T13:48:00+00:00,SPY,BUY,454.0771,100,0.0,0.0,LONG,Filled,50242
2024-12-09T13:53:09+00:00,SPY,SELL,460.0863,100,600.92,309.0,NONE,Filled,50243
2024-12-09T13:54:00+00:00,SPY,BUY,450.711,100,0.0,0.0,LONG,Filled,50246
2024-12-09T14:32:58+00:00,SPY,SELL,448.7818,100,-192.92,2338.0,NONE,Filled,50247
2024-12-09T14:57:00+00:00,SPY,BUY,445.8062,100,0.0,0.0,LONG,Filled,50256
2024-12-09T15:04:00+00:00,SPY,BUY,444.3922,100,0.0,0.0,LONG,Filled,50236
2024-12-09T15:19:00+00:00,SPY,BUY,450.025,100,0.0,0.0,LONG,Filled,50230
2024-12-09T15:43:09+00:00,SPY,SELL,450.9692,100,516.3,2769.0,NONE,Filled,50257
2024-12-09T15:46:00+00:00,SPY,SELL,442.0615,100,-233.06,2520.0,NONE,Filled,50237
2024-12-09T15:46:00+00:00,SPY,BUY,451.2991,100,0.0,0.0,LONG,Filled,50228
2024-12-09T15:51:10+00:00,SPY,SELL,457.961,100,793.61,1930.0,NONE,Filled,50231
2024-12-09T15:55:00+00:00,SPY,BUY,459.6476,100,0.0,0.0,LONG,Filled,50244
2024-12-09T15:56:00+00:00,SPY,BUY,440.0411,100,0.0,0.0,LONG,Filled,50232
2024-12-09T16:05:20+00:00,SPY,SELL,461.9645,100,231.69,620.0,NONE,Filled,50245
2024-12-09T16:19:53+00:00,SPY,SELL,456.8578,100,555.87,2033.0,NONE,Filled,50229
2024-12-09T16:44:15+00:00,SPY,SELL,433.9865,100,-605.47,2895.0,NONE,Filled,50233
2024-12-10T09:40:00+00:00,SPY,BUY,457.3259,100,0.0,0.0,LONG,Filled,50272
2024-12-10T10:08:00+00:00,SPY,BUY,447.2931,100,0.0,0.0,LONG,Filled,50260
2024-12-10T10:37:31+00:00,SPY,SELL,455.4247,100,813.15,1771.0,NONE,Filled,50261
2024-12-10T10:38:25+00:00,SPY,SELL,462.7819,100,545.59,3505.0,NONE,Filled,50273
2024-12-10T11:04:00+00:00,SPY,BUY,463.5383,100,0.0,0.0,LONG,Filled,50270
2024-12-10T11:13:00+00:00,SPY,BUY,467.0662,100,0.0,0.0,LONG,Filled,50276
2024-12-10T11:22:13+00:00,SPY,SELL,468.2597,100,472.13,1093.0,NONE,Filled,50271
2024-12-10T12:02:00+00:00,SPY,BUY,449.4403,100,0.0,0.0,LONG,Filled,50258
2024-12-10T12:06:00+00:00,SPY,BUY,450.305,100,0.0,0.0,LONG,Filled,50268
2024-12-10T12:06:55+00:00,SPY,SELL,473.965,100,689.88,3235.0,NONE,Filled,50277
2024-12-10T12:40:17+00:00,SPY,SELL,453.2315,100,379.12,2297.0,NONE,Filled,50259
2024-12-10T12:50:31+00:00,SPY,SELL,445.0632,100,-524.17,2671.0,NONE,Filled,50269
2024-12-10T14:18:00+00:00,SPY,BUY,455.6568,100,0.0,0.0,LONG,Filled,50264
2024-12-10T14:18:00+00:00,SPY,BUY,460.0876,100,0.0,0.0,LONG,Filled,50262
2024-12-10T14:23:00+00:00,SPY,BUY,443.8361,100,0.0,0.0,LONG,Filled,50266
2024-12-10T14:29:59+00:00,SPY,SELL,454.5532,100,-553.43,719.0,NONE,Filled,50263
2024-12-10T14:31:00+00:00,SPY,BUY,461.8586,100,0.0,0.0,LONG,Filled,50274
2024-12-10T14:31:36+00:00,SPY,SELL,452.4194,100,-323.74,816.0,NONE,Filled,50265
2024-12-10T14:59:40+00:00,SPY,SELL,448.7003,100,486.41,2200.0,NONE,Filled,50267
2024-12-10T15:26:05+00:00,SPY,SELL,465.9415,100,408.29,3305.0,NONE,Filled,50275
2024-12-11T10:59:00+00:00,SPY,BUY,456.2817,100,0.0,0.0,LONG,Filled,50286
2024-12-11T11:01:00+00:00,SPY,BUY,455.3011,100,0.0,0.0,LONG,Filled,50278
2024-12-11T11:06:50+00:00,SPY,SELL,448.8302,100,-647.09,350.0,NONE,Filled,50279
2024-12-11T11:37:00+00:00,SPY,BUY,456.4472,100,0.0,0.0,LONG,Filled,50288
2024-12-11T11:46:00+00:00,SPY,BUY,460.8274,100,0.0,0.0,LONG,Filled,50284
2024-12-11T11:58:41+00:00,SPY,SELL,464.8492,100,856.75,3581.0,NONE,Filled,50287
2024-12-11T12:02:02+00:00,SPY,SELL,462.6843,100,623.71,1502.0,NONE,Filled,50289
2024-12-11T12:03:00+00:00,SPY,BUY,455.5706,100,0.0,0.0,LONG,Filled,50292
2024-12-11T12:06:36+00:00,SPY,SELL,465.9968,100,516.94,1236.0,NONE,Filled,50285
2024-12-11T12:29:00+00:00,SPY,BUY,461.0158,100,0.0,0.0,LONG,Filled,50290
2024-12-11T12:50:03+00:00,SPY,SELL,459.1089,100,353.84,2823.0,NONE,Filled,50293
2024-12-11T13:03:00+00:00,SPY,BUY,455.2217,100,0.0,0.0,LONG,Filled,50280
2024-12-11T13:11:04+00:00,SPY,SELL,458.0971,100,-291.87,2524.0,NONE,Filled,50291
2024-12-11T13:49:07+00:00,SPY,SELL,463.7856,100,856.39,2767.0,NONE,Filled,50281
2024-12-11T14:47:00+00:00,SPY,BUY,453.5681,100,0.0,0.0,LONG,Filled,50296
2024-12-11T14:48:00+00:00,SPY,BUY,452.8379,100,0.0,0.0,LONG,Filled,50282
2024-12-11T14:56:00+00:00,SPY,BUY,452.9739,100,0.0,0.0,LONG,Filled,50294
2024-12-11T14:59:08+00:00,SPY,SELL,461.5275,100,795.94,728.0,NONE,Filled,50297
2024-12-11T15:25:14+00:00,SPY,SELL,455.474,100,263.62,2234.0,NONE,Filled,50283
2024-12-11T15:38:42+00:00,SPY,SELL,460.673,100,769.91,2562.0,NONE,Filled,50295
2024-12-12T09:47:00+00:00,SPY,BUY,461.3629,100,0.0,0.0,LONG,Filled,50298
2024-12-12T09:49:00+00:00,SPY,BUY,447.4407,100,0.0,0.0,LONG,Filled,50316
2024-12-12T10:23:17+00:00,SPY,SELL,455.4571,100,801.64,2057.0,NONE,Filled,50317
2024-12-12T10:24:00+00:00,SPY,BUY,457.6914,100,0.0,0.0,LONG,Filled,50304
2024-12-12T10:42:57+00:00,SPY,SELL,466.72,100,535.71,3357.0,NONE,Filled,50299
2024-12-12T10:57:00+00:00,SPY,BUY,458.6779,100,0.0,0.0,LONG,Filled,50308
2024-12-12T11:20:19+00:00,SPY,SELL,461.5037,100,381.24,3379.0,NONE,Filled,50305
2024-12-12T11:23:00+00:00,SPY,BUY,463.6212,100,0.0,0.0,LONG,Filled,50300
2024-12-12T11:40:00+00:00,SPY,BUY,448.6161,100,0.0,0.0,LONG,Filled,50302
2024-12-12T11:44:18+00:00,SPY,SELL,452.1037,100,-657.42,2838.0,NONE,Filled,50309
2024-12-12T12:00:00+00:00,SPY,SELL,466.4644,100,284.32,2220.0,NONE,Filled,50301
2024-12-12T12:10:00+00:00,SPY,BUY,456.5072,100,0.0,0.0,LONG,Filled,50312
2024-12-12T12:16:41+00:00,SPY,SELL,456.2476,100,763.15,2201.0,NONE,Filled,50303
2024-12-12T12:31:00+00:00,SPY,BUY,452.0591,100,0.0,0.0,LONG,Filled,50310
2024-12-12T12:46:00+00:00,SPY,BUY,448.0435,100,0.0,0.0,LONG,Filled,50314
2024-12-12T12:51:43+00:00,SPY,SELL,458.6133,100,655.42,1243.0,NONE,Filled,50311
2024-12-12T12:58:00+00:00,SPY,BUY,456.2438,100,0.0,0.0,LONG,Filled,50320
2024-12-12T13:00:47+00:00,SPY,SELL,450.1492,100,-635.8,3047.0,NONE,Filled,50313
2024-12-12T13:06:56+00:00,SPY,SELL,460.0171,100,377.33,536.0,NONE,Filled,50321
2024-12-12T13:14:29+00:00,SPY,SELL,450.5138,100,247.03,1709.0,NONE,Filled,50315
2024-12-12T13:44:00+00:00,SPY,BUY,452.2558,100,0.0,0.0,LONG,Filled,50306
2024-12-12T14:39:54+00:00,SPY,SELL,446.5286,100,-572.73,3354.0,NONE,Filled,50307
2024-12-12T15:24:00+00:00,SPY,BUY,459.5794,100,0.0,0.0,LONG,Filled,50318
2024-12-12T15:31:07+00:00,SPY,SELL,465.2192,100,563.98,427.0,NONE,Filled,50319
2024-12-13T09:46:00+00:00,SPY,BUY,454.6782,100,0.0,0.0,LONG,Filled,50346
2024-12-13T09:46:00+00:00,SPY,BUY,454.0496,100,0.0,0.0,LONG,Filled,50326
2024-12-13T09:51:11+00:00,SPY,SELL,462.9052,100,822.7,311.0,NONE,Filled,50347
2024-12-13T09:54:00+00:00,SPY,BUY,457.0404,100,0.0,0.0,LONG,Filled,50350
2024-12-13T09:54:00+00:00,SPY,BUY,458.2983,100,0.0,0.0,LONG,Filled,50342
2024-12-13T09:56:00+00:00,SPY,BUY,461.2081,100,0.0,0.0,LONG,Filled,50328
2024-12-13T10:00:47+00:00,SPY,SELL,456.3948,100,234.51,887.0,NONE,Filled,50327
2024-12-13T10:07:08+00:00,SPY,SELL,455.4531,100,-158.74,788.0,NONE,Filled,50351
2024-12-13T10:19:52+00:00,SPY,SELL,467.2422,100,894.39,1552.0,NONE,Filled,50343
2024-12-13T10:35:00+00:00,SPY,SELL,467.4803,100,627.22,2340.0,NONE,Filled,50329
2024-12-13T10:42:00+00:00,SPY,BUY,455.8262,100,0.0,0.0,LONG,Filled,50340
2024-12-13T10:44:00+00:00,SPY,BUY,454.3417,100,0.0,0.0,LONG,Filled,50324
2024-12-13T11:07:40+00:00,SPY,SELL,451.1861,100,-464.01,1540.0,NONE,Filled,50341
2024-12-13T11:11:00+00:00,SPY,BUY,445.6639,100,0.0,0.0,LONG,Filled,50344
2024-12-13T11:23:49+00:00,SPY,SELL,458.4812,100,413.94,2389.0,NONE,Filled,50325
2024-12-13T12:01:00+00:00,SPY,BUY,455.1977,100,0.0,0.0,LONG,Filled,50336
2024-12-13T12:07:55+00:00,SPY,SELL,439.1817,100,-648.23,3415.0,NONE,Filled,50345
2024-12-13T12:13:00+00:00,SPY,BUY,449.3149,100,0.0,0.0,LONG,Filled,50334
2024-12-13T12:27:52+00:00,SPY,SELL,461.1597,100,596.2,1612.0,NONE,Filled,50337
2024-12-13T12:30:00+00:00,SPY,BUY,446.7319,100,0.0,0.0,LONG,Filled,50332
2024-12-13T12:37:28+00:00,SPY,SELL,443.048,100,-368.39,448.0,NONE,Filled,50333
2024-12-13T12:38:50+00:00,SPY,SELL,445.8283,100,-348.66,1550.0,NONE,Filled,50335
2024-12-13T12:39:00+00:00,SPY,BUY,450.7666,100,0.0,0.0,LONG,Filled,50330
2024-12-13T13:16:00+00:00,SPY,BUY,455.9906,100,0.0,0.0,LONG,Filled,50338
2024-12-13T13:24:00+00:00,SPY,BUY,448.6272,100,0.0,0.0,LONG,Filled,50322
2024-12-13T13:27:04+00:00,SPY,SELL,462.534,100,654.35,664.0,NONE,Filled,50339
2024-12-13T13:35:07+00:00,SPY,SELL,448.417,100,-234.96,3367.0,NONE,Filled,50331
2024-12-13T13:53:00+00:00,SPY,BUY,461.7833,100,0.0,0.0,LONG,Filled,50348
2024-12-13T14:03:36+00:00,SPY,SELL,452.7028,100,407.56,2376.0,NONE,Filled,50323
2024-12-13T14:23:08+00:00,SPY,SELL,455.6923,100,-609.11,1808.0,NONE,Filled,50349
2024-12-14T09:40:00+00:00,SPY,BUY,454.6021,100,0.0,0.0,LONG,Filled,50374
2024-12-14T09:45:00+00:00,SPY,BUY,460.1648,100,0.0,0.0,LONG,Filled,50352
2024-12-14T09:55:34+00:00,SPY,SELL,457.1424,100,-302.24,634.0,NONE,Filled,50353
2024-12-14T09:58:00+00:00,SPY,BUY,454.1098,100,0.0,0.0,LONG,Filled,50364
2024-12-14T10:07:04+00:00,SPY,SELL,460.3363,100,622.65,544.0,NONE,Filled,50365
2024-12-14T10:11:47+00:00,SPY,SELL,449.6944,100,-490.78,1907.0,NONE,Filled,50375
2024-12-14T10:30:00+00:00,SPY,BUY,458.6693,100,0.0,0.0,LONG,Filled,50372
2024-12-14T10:48:26+00:00,SPY,SELL,452.0935,100,-657.58,1106.0,NONE,Filled,50373
2024-12-14T11:12:00+00:00,SPY,BUY,456.138,100,0.0,0.0,LONG,Filled,50356
2024-12-14T11:17:00+00:00,SPY,BUY,456.575,100,0.0,0.0,LONG,Filled,50362
2024-12-14T11:40:00+00:00,SPY,BUY,450.2139,100,0.0,0.0,LONG,Filled,50358
2024-12-14T11:48:02+00:00,SPY,SELL,456.3307,100,611.68,482.0,NONE,Filled,50359
2024-12-14T11:49:11+00:00,SPY,SELL,449.7377,100,-683.73,1931.0,NONE,Filled,50363
2024-12-14T11:51:00+00:00,SPY,BUY,460.4525,100,0.0,0.0,LONG,Filled,50368
2024-12-14T11:58:25+00:00,SPY,SELL,463.0455,100,259.3,445.0,NONE,Filled,50369
2024-12-14T12:07:42+00:00,SPY,SELL,461.7102,100,557.21,3342.0,NONE,Filled,50357
2024-12-14T12:25:00+00:00,SPY,BUY,455.1593,100,0.0,0.0,LONG,Filled,50354
2024-12-14T12:42:00+00:00,SPY,BUY,455.0701,100,0.0,0.0,LONG,Filled,50370
2024-12-14T12:55:00+00:00,SPY,SELL,463.3206,100,816.13,1800.0,NONE,Filled,50355
2024-12-14T13:03:03+00:00,SPY,SELL,463.83,100,875.98,1263.0,NONE,Filled,50371
2024-12-14T13:05:00+00:00,SPY,BUY,455.1145,100,0.0,0.0,LONG,Filled,50382
2024-12-14T13:15:00+00:00,SPY,BUY,457.0129,100,0.0,0.0,LONG,Filled,50386
2024-12-14T13:15:00+00:00,SPY,BUY,447.008,100,0.0,0.0,LONG,Filled,50388
2024-12-14T13:20:39+00:00,SPY,SELL,451.6098,100,-540.31,339.0,NONE,Filled,50387
2024-12-14T13:23:00+00:00,SPY,SELL,461.0558,100,594.13,1080.0,NONE,Filled,50383
2024-12-14T13:25:00+00:00,SPY,BUY,448.9918,100,0.0,0.0,LONG,Filled,50366
2024-12-14T13:36:28+00:00,SPY,SELL,447.6268,100,-136.5,688.0,NONE,Filled,50367
2024-12-14T13:51:00+00:00,SPY,BUY,457.4406,100,0.0,0.0,LONG,Filled,50378
2024-12-14T13:59:35+00:00,SPY,SELL,445.4053,100,-160.27,2675.0,NONE,Filled,50389
2024-12-14T14:08:06+00:00,SPY,SELL,450.9756,100,-646.5,1026.0,NONE,Filled,50379
2024-12-14T14:58:00+00:00,SPY,BUY,444.7944,100,0.0,0.0,LONG,Filled,50384
2024-12-14T15:42:00+00:00,SPY,BUY,454.4737,100,0.0,0.0,LONG,Filled,50376
2024-12-14T15:45:00+00:00,SPY,BUY,463.3001,100,0.0,0.0,LONG,Filled,50360
2024-12-14T15:47:00+00:00,SPY,BUY,446.9663,100,0.0,0.0,LONG,Filled,50380
2024-12-14T15:47:42+00:00,SPY,SELL,452.948,100,815.36,2982.0,NONE,Filled,50385
2024-12-14T16:02:36+00:00,SPY,SELL,462.0606,100,758.69,1236.0,NONE,Filled,50377
2024-12-14T16:05:20+00:00,SPY,SELL,459.0183,100,-428.18,1220.0,NONE,Filled,50361
2024-12-14T16:33:06+00:00,SPY,SELL,441.8922,100,-507.41,2766.0,NONE,Filled,50381
2024-12-15T10:06:00+00:00,SPY,BUY,458.5959,100,0.0,0.0,LONG,Filled,50390
2024-12-15T10:15:00+00:00,SPY,BUY,457.8664,100,0.0,0.0,LONG,Filled,50404
2024-12-15T10:25:59+00:00,SPY,SELL,464.5101,100,664.37,659.0,NONE,Filled,50405
2024-12-15T10:27:12+00:00,SPY,SELL,454.4952,100,-410.07,1272.0,NONE,Filled,50391
2024-12-15T12:07:00+00:00,SPY,BUY,462.2687,100,0.0,0.0,LONG,Filled,50402
2024-12-15T12:19:00+00:00,SPY,BUY,456.3833,100,0.0,0.0,LONG,Filled,50398
2024-12-15T12:35:39+00:00,SPY,SELL,464.6955,100,831.21,999.0,NONE,Filled,50399
2024-12-15T12:37:47+00:00,SPY,SELL,466.5704,100,430.17,1847.0,NONE,Filled,50403
2024-12-15T12:45:00+00:00,SPY,BUY,456.8992,100,0.0,0.0,LONG,Filled,50410
2024-12-15T13:02:10+00:00,SPY,SELL,464.4676,100,756.84,1030.0,NONE,Filled,50411
2024-12-15T13:13:00+00:00,SPY,BUY,451.9966,100,0.0,0.0,LONG,Filled,50408
2024-12-15T13:13:00+00:00,SPY,BUY,459.1292,100,0.0,0.0,LONG,Filled,50392
2024-12-15T13:40:26+00:00,SPY,SELL,466.0943,100,696.51,1646.0,NONE,Filled,50393
2024-12-15T13:57:42+00:00,SPY,SELL,450.0846,100,-191.2,2682.0,NONE,Filled,50409
2024-12-15T14:43:00+00:00,SPY,BUY,459.6806,100,0.0,0.0,LONG,Filled,50400
2024-12-15T14:55:05+00:00,SPY,SELL,464.2897,100,460.91,725.0,NONE,Filled,50401
2024-12-15T15:13:00+00:00,SPY,BUY,452.5515,100,0.0,0.0,LONG,Filled,50406
2024-12-15T15:16:00+00:00,SPY,BUY,456.6567,100,0.0,0.0,LONG,Filled,50394
2024-12-15T15:22:00+00:00,SPY,BUY,453.5974,100,0.0,0.0,LONG,Filled,50396
2024-12-15T15:24:35+00:00,SPY,SELL,451.6785,100,-497.82,515.0,NONE,Filled,50395
2024-12-15T15:59:54+00:00,SPY,SELL,448.2544,100,-429.71,2814.0,NONE,Filled,50407
2024-12-15T16:14:08+00:00,SPY,SELL,448.4402,100,-515.72,3128.0,NONE,Filled,50397
2024-12-16T09:44:00+00:00,SPY,BUY,446.6526,100,0.0,0.0,LONG,Filled,50426
2024-12-16T10:02:00+00:00,SPY,BUY,452.2069,100,0.0,0.0,LONG,Filled,50416
2024-12-16T10:39:56+00:00,SPY,SELL,443.3374,100,-331.52,3356.0,NONE,Filled,50427
2024-12-16T10:53:00+00:00,SPY,BUY,443.2725,100,0.0,0.0,LONG,Filled,50424
2024-12-16T10:56:54+00:00,SPY,SELL,454.4749,100,226.8,3294.0,NONE,Filled,50417
2024-12-16T11:21:30+00:00,SPY,SELL,447.6215,100,434.9,1710.0,NONE,Filled,50425
2024-12-16T13:15:00+00:00,SPY,BUY,445.6951,100,0.0,0.0,LONG,Filled,50418
2024-12-16T13:34:46+00:00,SPY,SELL,442.7623,100,-293.29,1186.0,NONE,Filled,50419
2024-12-16T14:00:00+00:00,SPY,BUY,463.452,100,0.0,0.0,LONG,Filled,50428
2024-12-16T14:14:00+00:00,SPY,BUY,463.3341,100,0.0,0.0,LONG,Filled,50414
2024-12-16T14:17:00+00:00,SPY,BUY,452.9746,100,0.0,0.0,LONG,Filled,50420
2024-12-16T14:23:03+00:00,SPY,SELL,471.8077,100,835.57,1383.0,NONE,Filled,50429
2024-12-16T14:34:47+00:00,SPY,SELL,461.8074,100,-152.67,1247.0,NONE,Filled,50415
2024-12-16T14:38:00+00:00,SPY,BUY,449.2528,100,0.0,0.0,LONG,Filled,50430
2024-12-16T15:13:33+00:00,SPY,SELL,461.1376,100,816.3,3393.0,NONE,Filled,50421
2024-12-16T15:16:55+00:00,SPY,SELL,456.8685,100,761.57,2335.0,NONE,Filled,50431
2024-12-16T15:43:00+00:00,SPY,BUY,459.9689,100,0.0,0.0,LONG,Filled,50412
2024-12-16T15:51:00+00:00,SPY,BUY,450.3615,100,0.0,0.0,LONG,Filled,50422
2024-12-16T15:56:20+00:00,SPY,SELL,444.377,100,-598.45,320.0,NONE,Filled,50423
2024-12-16T16:25:37+00:00,SPY,SELL,453.2157,100,-675.32,2557.0,NONE,Filled,50413
2024-12-17T09:43:00+00:00,SPY,BUY,447.93,100,0.0,0.0,LONG,Filled,50458
2024-12-17T09:53:00+00:00,SPY,BUY,450.4353,100,0.0,0.0,LONG,Filled,50432
2024-12-17T10:06:46+00:00,SPY,SELL,453.4801,100,304.48,826.0,NONE,Filled,50433
2024-12-17T10:10:04+00:00,SPY,SELL,444.8177,100,-311.23,1624.0,NONE,Filled,50459
2024-12-17T10:49:00+00:00,SPY,BUY,443.3496,100,0.0,0.0,LONG,Filled,50444
2024-12-17T10:53:00+00:00,SPY,BUY,456.0438,100,0.0,0.0,LONG,Filled,50454
2024-12-17T11:04:00+00:00,SPY,BUY,454.6078,100,0.0,0.0,LONG,Filled,50440
2024-12-17T11:12:00+00:00,SPY,BUY,451.6632,100,0.0,0.0,LONG,Filled,50448
2024-12-17T11:15:00+00:00,SPY,BUY,457.1516,100,0.0,0.0,LONG,Filled,50450
2024-12-17T11:21:08+00:00,SPY,SELL,448.9896,100,-561.81,1028.0,NONE,Filled,50441
2024-12-17T11:32:14+00:00,SPY,SELL,451.6494,100,-439.44,2354.0,NONE,Filled,50455
2024-12-17T11:39:20+00:00,SPY,SELL,445.6313,100,228.17,3020.0,NONE,Filled,50445
2024-12-17T11:45:29+00:00,SPY,SELL,445.856,100,-580.72,2009.0,NONE,Filled,50449
2024-12-17T11:52:05+00:00,SPY,SELL,463.6656,100,651.4,2225.0,NONE,Filled,50451
2024-12-17T12:54:00+00:00,SPY,BUY,450.0926,100,0.0,0.0,LONG,Filled,50438
2024-12-17T13:12:00+00:00,SPY,BUY,459.677,100,0.0,0.0,LONG,Filled,50452
2024-12-17T13:32:33+00:00,SPY,SELL,455.5833,100,549.07,2313.0,NONE,Filled,50439
2024-12-17T13:38:27+00:00,SPY,SELL,454.8487,100,-482.83,1587.0,NONE,Filled,50453
2024-12-17T13:56:00+00:00,SPY,BUY,445.9011,100,0.0,0.0,LONG,Filled,50442
2024-12-17T14:02:00+00:00,SPY,BUY,442.6766,100,0.0,0.0,LONG,Filled,50434
2024-12-17T14:15:40+00:00,SPY,SELL,448.1542,100,547.76,820.0,NONE,Filled,50435
2024-12-17T14:41:48+00:00,SPY,SELL,451.9491,100,604.8,2748.0,NONE,Filled,50443
2024-12-17T14:48:00+00:00,SPY,BUY,443.478,100,0.0,0.0,LONG,Filled,50436
2024-12-17T15:22:00+00:00,SPY,BUY,446.2857,100,0.0,0.0,LONG,Filled,50446
2024-12-17T15:33:33+00:00,SPY,SELL,440.4959,100,-298.21,2733.0,NONE,Filled,50437
2024-12-17T15:59:00+00:00,SPY,BUY,449.5387,100,0.0,0.0,LONG,Filled,50456
2024-12-17T15:59:29+00:00,SPY,SELL,449.0431,100,275.75,2249.0,NONE,Filled,50447
2024-12-17T16:12:34+00:00,SPY,SELL,452.8922,100,335.36,814.0,NONE,Filled,50457
2024-12-18T09:30:00+00:00,SPY,BUY,445.0285,100,0.0,0.0,LONG,Filled,50484
2024-12-18T09:53:00+00:00,SPY,BUY,440.5624,100,0.0,0.0,LONG,Filled,50466
2024-12-18T09:56:47+00:00,SPY,SELL,452.1695,100,714.09,1607.0,NONE,Filled,50485
2024-12-18T10:19:00+00:00,SPY,BUY,450.5555,100,0.0,0.0,LONG,Filled,50468
2024-12-18T10:21:07+00:00,SPY,SELL,436.5717,100,-399.07,1687.0,NONE,Filled,50467
2024-12-18T11:02:00+00:00,SPY,BUY,453.9669,100,0.0,0.0,LONG,Filled,50482
2024-12-18T11:05:07+00:00,SPY,SELL,455.4813,100,492.58,2767.0,NONE,Filled,50469
2024-12-18T11:09:00+00:00,SPY,BUY,451.9794,100,0.0,0.0,LONG,Filled,50474
2024-12-18T11:28:20+00:00,SPY,SELL,460.2399,100,627.3,1580.0,NONE,Filled,50483
2024-12-18T11:40:00+00:00,SPY,BUY,457.0531,100,0.0,0.0,LONG,Filled,50472
2024-12-18T11:54:00+00:00,SPY,BUY,450.6618,100,0.0,0.0,LONG,Filled,50478
2024-12-18T12:04:52+00:00,SPY,SELL,454.8996,100,292.02,3352.0,NONE,Filled,50475
2024-12-18T12:13:00+00:00,SPY,BUY,448.5124,100,0.0,0.0,LONG,Filled,50480
2024-12-18T12:22:00+00:00,SPY,BUY,453.5593,100,0.0,0.0,LONG,Filled,50460
2024-12-18T12:34:13+00:00,SPY,SELL,449.261,100,-140.08,2413.0,NONE,Filled,50479
2024-12-18T12:34:18+00:00,SPY,SELL,464.6585,100,760.54,3258.0,NONE,Filled,50473
2024-12-18T12:38:34+00:00,SPY,SELL,456.927,100,336.77,994.0,NONE,Filled,50461
2024-12-18T12:56:00+00:00,SPY,BUY,449.4314,100,0.0,0.0,LONG,Filled,50464
2024-12-18T13:00:00+00:00,SPY,BUY,450.8483,100,0.0,0.0,LONG,Filled,50462
2024-12-18T13:09:21+00:00,SPY,SELL,451.897,100,338.46,3381.0,NONE,Filled,50481
2024-12-18T13:17:00+00:00,SPY,BUY,441.792,100,0.0,0.0,LONG,Filled,50470
2024-12-18T13:33:57+00:00,SPY,SELL,454.5942,100,374.58,2037.0,NONE,Filled,50463
2024-12-18T13:45:14+00:00,SPY,SELL,446.381,100,458.9,1694.0,NONE,Filled,50471
2024-12-18T13:49:29+00:00,SPY,SELL,445.8401,100,-359.14,3209.0,NONE,Filled,50465
2024-12-18T15:50:00+00:00,SPY,BUY,454.0732,100,0.0,0.0,LONG,Filled,50476
2024-12-18T16:28:28+00:00,SPY,SELL,452.1919,100,-188.13,2308.0,NONE,Filled,50477
2024-12-19T09:49:00+00:00,SPY,BUY,448.6893,100,0.0,0.0,LONG,Filled,50490
2024-12-19T10:11:38+00:00,SPY,SELL,457.218,100,852.87,1358.0,NONE,Filled,50491
2024-12-19T10:45:00+00:00,SPY,BUY,452.1837,100,0.0,0.0,LONG,Filled,50512
2024-12-19T10:59:00+00:00,SPY,BUY,442.0141,100,0.0,0.0,LONG,Filled,50504
2024-12-19T11:15:43+00:00,SPY,SELL,450.7031,100,868.89,1003.0,NONE,Filled,50505
2024-12-19T11:23:00+00:00,SPY,BUY,450.4945,100,0.0,0.0,LONG,Filled,50500
2024-12-19T11:33:02+00:00,SPY,SELL,452.9523,100,245.78,602.0,NONE,Filled,50501
2024-12-19T11:37:55+00:00,SPY,SELL,458.4905,100,630.67,3175.0,NONE,Filled,50513
2024-12-19T11:41:00+00:00,SPY,BUY,451.725,100,0.0,0.0,LONG,Filled,50508
2024-12-19T12:18:00+00:00,SPY,BUY,445.4344,100,0.0,0.0,LONG,Filled,50506
2024-12-19T12:26:44+00:00,SPY,SELL,448.0087,100,-371.63,2744.0,NONE,Filled,50509
2024-12-19T12:53:00+00:00,SPY,BUY,454.1589,100,0.0,0.0,LONG,Filled,50486
2024-12-19T13:05:00+00:00,SPY,BUY,439.5349,100,0.0,0.0,LONG,Filled,50494
2024-12-19T13:13:18+00:00,SPY,SELL,441.9379,100,-349.65,3318.0,NONE,Filled,50507
2024-12-19T13:24:19+00:00,SPY,SELL,462.317,100,815.82,1879.0,NONE,Filled,50487
2024-12-19T13:51:14+00:00,SPY,SELL,446.1293,100,659.43,2774.0,NONE,Filled,50495
2024-12-19T14:54:00+00:00,SPY,BUY,448.6592,100,0.0,0.0,LONG,Filled,50492
2024-12-19T14:57:00+00:00,SPY,BUY,449.9839,100,0.0,0.0,LONG,Filled,50502
2024-12-19T15:00:00+00:00,SPY,BUY,439.43,100,0.0,0.0,LONG,Filled,50510
2024-12-19T15:09:00+00:00,SPY,BUY,443.8455,100,0.0,0.0,LONG,Filled,50496
2024-12-19T15:12:34+00:00,SPY,SELL,443.7666,100,433.66,754.0,NONE,Filled,50511
2024-12-19T15:16:15+00:00,SPY,SELL,457.5424,100,888.32,1335.0,NONE,Filled,50493
2024-12-19T15:21:00+00:00,SPY,BUY,451.7876,100,0.0,0.0,LONG,Filled,50498
2024-12-19T15:29:57+00:00,SPY,SELL,456.6295,100,664.56,1977.0,NONE,Filled,50503
2024-12-19T15:36:44+00:00,SPY,SELL,450.5427,100,669.72,1664.0,NONE,Filled,50497
2024-12-19T15:45:02+00:00,SPY,SELL,446.7281,100,-505.96,1442.0,NONE,Filled,50499
2024-12-19T15:59:00+00:00,SPY,BUY,446.7463,100,0.0,0.0,LONG,Filled,50488
2024-12-19T16:43:41+00:00,SPY,SELL,452.5395,100,579.32,2681.0,NONE,Filled,50489
2024-12-20T09:56:00+00:00,SPY,BUY,448.3567,100,0.0,0.0,LONG,Filled,50526
2024-12-20T10:28:51+00:00,SPY,SELL,454.7031,100,634.65,1971.0,NONE,Filled,50527
2024-12-20T10:54:00+00:00,SPY,BUY,448.1406,100,0.0,0.0,LONG,Filled,50516
2024-12-20T11:16:00+00:00,SPY,BUY,446.7485,100,0.0,0.0,LONG,Filled,50522
2024-12-20T11:32:54+00:00,SPY,SELL,450.3035,100,355.49,1014.0,NONE,Filled,50523
2024-12-20T11:40:41+00:00,SPY,SELL,442.42,100,-572.06,2801.0,NONE,Filled,50517
2024-12-20T11:50:00+00:00,SPY,BUY,444.4382,100,0.0,0.0,LONG,Filled,50524
2024-12-20T11:55:00+00:00,SPY,BUY,450.0335,100,0.0,0.0,LONG,Filled,50528
2024-12-20T12:02:00+00:00,SPY,BUY,441.4601,100,0.0,0.0,LONG,Filled,50518
2024-12-20T12:26:56+00:00,SPY,SELL,440.3151,100,-412.31,2216.0,NONE,Filled,50525
2024-12-20T12:35:37+00:00,SPY,SELL,453.5065,100,347.3,2437.0,NONE,Filled,50529
2024-12-20T12:57:22+00:00,SPY,SELL,447.6929,100,623.28,3322.0,NONE,Filled,50519
2024-12-20T14:20:00+00:00,SPY,BUY,455.5501,100,0.0,0.0,LONG,Filled,50514
2024-12-20T14:27:00+00:00,SPY,BUY,447.8975,100,0.0,0.0,LONG,Filled,50532
2024-12-20T15:01:58+00:00,SPY,SELL,444.5463,100,-335.12,2098.0,NONE,Filled,50533
2024-12-20T15:12:00+00:00,SPY,BUY,450.559,100,0.0,0.0,LONG,Filled,50520
2024-12-20T15:13:09+00:00,SPY,SELL,451.4477,100,-410.24,3189.0,NONE,Filled,50515
2024-12-20T15:20:00+00:00,SPY,BUY,450.0659,100,0.0,0.0,LONG,Filled,50530
2024-12-20T15:31:50+00:00,SPY,SELL,458.3699,100,781.08,1190.0,NONE,Filled,50521
2024-12-20T16:01:46+00:00,SPY,SELL,448.1385,100,-192.74,2506.0,NONE,Filled,50531
2024-12-21T09:32:00+00:00,SPY,BUY,442.758,100,0.0,0.0,LONG,Filled,50564
2024-12-21T09:55:00+00:00,SPY,BUY,451.7847,100,0.0,0.0,LONG,Filled,50536
2024-12-21T10:02:40+00:00,SPY,SELL,437.3461,100,-541.19,1840.0,NONE,Filled,50565
2024-12-21T10:05:00+00:00,SPY,BUY,448.7365,100,0.0,0.0,LONG,Filled,50560
2024-12-21T10:16:00+00:00,SPY,BUY,449.6263,100,0.0,0.0,LONG,Filled,50534
2024-12-21T10:26:56+00:00,SPY,SELL,453.7364,100,499.99,1316.0,NONE,Filled,50561
2024-12-21T10:40:25+00:00,SPY,SELL,460.1826,100,839.79,2725.0,NONE,Filled,50537
2024-12-21T10:47:00+00:00,SPY,BUY,444.7757,100,0.0,0.0,LONG,Filled,50546
2024-12-21T10:54:00+00:00,SPY,BUY,444.5039,100,0.0,0.0,LONG,Filled,50548
2024-12-21T11:07:20+00:00,SPY,SELL,442.7132,100,-206.25,1220.0,NONE,Filled,50547
2024-12-21T11:09:00+00:00,SPY,BUY,457.3897,100,0.0,0.0,LONG,Filled,50540
2024-12-21T11:14:09+00:00,SPY,SELL,455.8775,100,625.12,3489.0,NONE,Filled,50535
2024-12-21T11:16:25+00:00,SPY,SELL,455.1959,100,-219.38,445.0,NONE,Filled,50541
2024-12-21T11:43:44+00:00,SPY,SELL,439.4769,100,-502.7,2984.0,NONE,Filled,50549
2024-12-21T11:59:00+00:00,SPY,BUY,447.8038,100,0.0,0.0,LONG,Filled,50544
2024-12-21T12:00:00+00:00,SPY,BUY,445.9778,100,0.0,0.0,LONG,Filled,50570
2024-12-21T12:01:00+00:00,SPY,BUY,442.419,100,0.0,0.0,LONG,Filled,50538
2024-12-21T12:07:00+00:00,SPY,BUY,456.2903,100,0.0,0.0,LONG,Filled,50562
2024-12-21T12:10:00+00:00,SPY,BUY,449.452,100,0.0,0.0,LONG,Filled,50568
2024-12-21T12:10:40+00:00,SPY,SELL,449.8069,100,382.91,640.0,NONE,Filled,50571
2024-12-21T12:20:27+00:00,SPY,SELL,454.328,100,652.42,1287.0,NONE,Filled,50545
2024-12-21T12:22:56+00:00,SPY,SELL,465.2877,100,899.74,956.0,NONE,Filled,50563
2024-12-21T12:27:56+00:00,SPY,SELL,449.4885,100,706.96,1616.0,NONE,Filled,50539
2024-12-21T12:40:23+00:00,SPY,SELL,447.9087,100,-154.34,1823.0,NONE,Filled,50569
2024-12-21T12:58:00+00:00,SPY,BUY,448.0659,100,0.0,0.0,LONG,Filled,50558
2024-12-21T13:04:55+00:00,SPY,SELL,454.0854,100,601.95,415.0,NONE,Filled,50559
2024-12-21T13:18:00+00:00,SPY,BUY,443.8515,100,0.0,0.0,LONG,Filled,50552
2024-12-21T13:31:00+00:00,SPY,BUY,445.642,100,0.0,0.0,LONG,Filled,50542
2024-12-21T14:04:12+00:00,SPY,SELL,440.1636,100,-368.79,2772.0,NONE,Filled,50553
2024-12-21T14:09:00+00:00,SPY,BUY,451.3862,100,0.0,0.0,LONG,Filled,50550
2024-12-21T14:28:59+00:00,SPY,SELL,443.146,100,-249.6,3479.0,NONE,Filled,50543
2024-12-21T14:33:50+00:00,SPY,SELL,448.5972,100,-278.9,1490.0,NONE,Filled,50551
2024-12-21T14:45:00+00:00,SPY,BUY,450.1687,100,0.0,0.0,LONG,Filled,50554
2024-12-21T14:50:00+00:00,SPY,BUY,448.4373,100,0.0,0.0,LONG,Filled,50566
2024-12-21T15:18:55+00:00,SPY,SELL,445.9392,100,-422.96,2035.0,NONE,Filled,50555
2024-12-21T15:35:53+00:00,SPY,SELL,455.7599,100,732.26,2753.0,NONE,Filled,50567
2024-12-21T15:50:00+00:00,SPY,BUY,441.4356,100,0.0,0.0,LONG,Filled,50556
2024-12-21T16:14:13+00:00,SPY,SELL,436.6053,100,-483.02,1453.0,NONE,Filled,50557
2024-12-22T09:41:00+00:00,SPY,BUY,449.5092,100,0.0,0.0,LONG,Filled,50586
2024-12-22T09:55:02+00:00,SPY,SELL,454.7202,100,521.1,842.0,NONE,Filled,50587
2024-12-22T11:26:00+00:00,SPY,BUY,450.085,100,0.0,0.0,LONG,Filled,50584
2024-12-22T11:43:00+00:00,SPY,BUY,447.7924,100,0.0,0.0,LONG,Filled,50576
2024-12-22T11:47:03+00:00,SPY,SELL,458.8376,100,875.27,1263.0,NONE,Filled,50585
2024-12-22T11:49:12+00:00,SPY,SELL,450.1851,100,239.27,372.0,NONE,Filled,50577
2024-12-22T11:52:00+00:00,SPY,BUY,450.0579,100,0.0,0.0,LONG,Filled,50574
2024-12-22T12:27:26+00:00,SPY,SELL,445.832,100,-422.59,2126.0,NONE,Filled,50575
2024-12-22T13:55:00+00:00,SPY,BUY,449.5942,100,0.0,0.0,LONG,Filled,50590
2024-12-22T14:10:00+00:00,SPY,BUY,440.1851,100,0.0,0.0,LONG,Filled,50580
2024-12-22T14:11:29+00:00,SPY,SELL,456.5294,100,693.52,989.0,NONE,Filled,50591
2024-12-22T14:16:34+00:00,SPY,SELL,446.3889,100,620.39,394.0,NONE,Filled,50581
2024-12-22T14:39:00+00:00,SPY,BUY,447.3404,100,0.0,0.0,LONG,Filled,50582
2024-12-22T14:45:00+00:00,SPY,BUY,450.3502,100,0.0,0.0,LONG,Filled,50588
2024-12-22T15:00:00+00:00,SPY,BUY,446.4885,100,0.0,0.0,LONG,Filled,50572
2024-12-22T15:16:00+00:00,SPY,BUY,444.1914,100,0.0,0.0,LONG,Filled,50578
2024-12-22T15:26:10+00:00,SPY,SELL,450.5593,100,321.89,2830.0,NONE,Filled,50583
2024-12-22T15:33:09+00:00,SPY,SELL,442.3861,100,-410.24,1989.0,NONE,Filled,50573
2024-12-22T15:35:10+00:00,SPY,SELL,453.0164,100,266.62,3010.0,NONE,Filled,50589
2024-12-22T15:51:11+00:00,SPY,SELL,452.627,100,843.56,2111.0,NONE,Filled,50579
2024-12-23T10:11:00+00:00,SPY,BUY,444.9713,100,0.0,0.0,LONG,Filled,50610
2024-12-23T10:38:00+00:00,SPY,BUY,450.5213,100,0.0,0.0,LONG,Filled,50616
2024-12-23T10:52:00+00:00,SPY,BUY,445.7038,100,0.0,0.0,LONG,Filled,50592
2024-12-23T10:52:16+00:00,SPY,SELL,443.2284,100,-174.3,2476.0,NONE,Filled,50611
2024-12-23T10:55:00+00:00,SPY,BUY,448.4535,100,0.0,0.0,LONG,Filled,50600
2024-12-23T10:56:00+00:00,SPY,BUY,449.1125,100,0.0,0.0,LONG,Filled,50618
2024-12-23T11:06:00+00:00,SPY,BUY,448.3949,100,0.0,0.0,LONG,Filled,50612
2024-12-23T11:07:47+00:00,SPY,SELL,451.5977,100,248.52,707.0,NONE,Filled,50619
2024-12-23T11:12:21+00:00,SPY,SELL,455.8101,100,735.66,1041.0,NONE,Filled,50601
2024-12-23T11:18:48+00:00,SPY,SELL,453.0308,100,250.96,2448.0,NONE,Filled,50617
2024-12-23T11:22:54+00:00,SPY,SELL,453.2354,100,484.05,1014.0,NONE,Filled,50613
2024-12-23T11:35:30+00:00,SPY,SELL,444.0336,100,-167.03,2610.0,NONE,Filled,50593
2024-12-23T11:45:00+00:00,SPY,BUY,454.6261,100,0.0,0.0,LONG,Filled,50626
2024-12-23T11:57:00+00:00,SPY,BUY,447.019,100,0.0,0.0,LONG,Filled,50620
2024-12-23T12:08:05+00:00,SPY,SELL,440.4706,100,-654.84,665.0,NONE,Filled,50621
2024-12-23T12:40:09+00:00,SPY,SELL,453.2053,100,-142.08,3309.0,NONE,Filled,50627
2024-12-23T13:00:00+00:00,SPY,BUY,446.4463,100,0.0,0.0,LONG,Filled,50622
2024-12-23T13:02:00+00:00,SPY,BUY,447.8851,100,0.0,0.0,LONG,Filled,50604
2024-12-23T13:03:00+00:00,SPY,BUY,455.806,100,0.0,0.0,LONG,Filled,50614
2024-12-23T13:15:16+00:00,SPY,SELL,453.1772,100,529.21,796.0,NONE,Filled,50605
2024-12-23T13:41:00+00:00,SPY,BUY,453.5079,100,0.0,0.0,LONG,Filled,50608
2024-12-23T13:45:00+00:00,SPY,BUY,447.6669,100,0.0,0.0,LONG,Filled,50598
2024-12-23T13:46:29+00:00,SPY,SELL,453.1004,100,665.41,2789.0,NONE,Filled,50623
2024-12-23T13:49:00+00:00,SPY,BUY,443.3049,100,0.0,0.0,LONG,Filled,50594
2024-12-23T13:58:03+00:00,SPY,SELL,464.1185,100,831.25,3303.0,NONE,Filled,50615
2024-12-23T14:10:19+00:00,SPY,SELL,450.012,100,-349.6,1759.0,NONE,Filled,50609
2024-12-23T14:25:39+00:00,SPY,SELL,451.093,100,342.61,2439.0,NONE,Filled,50599
2024-12-23T14:29:48+00:00,SPY,SELL,440.3458,100,-295.91,2448.0,NONE,Filled,50595
2024-12-23T14:37:00+00:00,SPY,BUY,454.7424,100,0.0,0.0,LONG,Filled,50596
2024-12-23T14:37:00+00:00,SPY,BUY,444.8447,100,0.0,0.0,LONG,Filled,50606
2024-12-23T14:43:00+00:00,SPY,BUY,451.3813,100,0.0,0.0,LONG,Filled,50602
2024-12-23T15:21:00+00:00,SPY,BUY,451.3195,100,0.0,0.0,LONG,Filled,50624
2024-12-23T15:24:37+00:00,SPY,SELL,449.2354,100,439.07,2857.0,NONE,Filled,50607
2024-12-23T15:34:14+00:00,SPY,SELL,451.1693,100,-357.32,3434.0,NONE,Filled,50597
2024-12-23T15:39:24+00:00,SPY,SELL,455.2713,100,389.0,3384.0,NONE,Filled,50603
2024-12-23T15:42:31+00:00,SPY,SELL,459.6615,100,834.2,1291.0,NONE,Filled,50625
2024-12-24T09:59:00+00:00,SPY,BUY,453.8709,100,0.0,0.0,LONG,Filled,50648
2024-12-24T10:01:00+00:00,SPY,BUY,456.1861,100,0.0,0.0,LONG,Filled,50638
2024-12-24T10:18:59+00:00,SPY,SELL,453.4367,100,-274.94,1079.0,NONE,Filled,50639
2024-12-24T10:57:19+00:00,SPY,SELL,457.2353,100,336.44,3499.0,NONE,Filled,50649
2024-12-24T11:58:00+00:00,SPY,BUY,445.8072,100,0.0,0.0,LONG,Filled,50640
2024-12-24T12:20:00+00:00,SPY,BUY,455.8188,100,0.0,0.0,LONG,Filled,50646
2024-12-24T12:30:00+00:00,SPY,BUY,452.207,100,0.0,0.0,LONG,Filled,50632
2024-12-24T12:32:19+00:00,SPY,SELL,451.6809,100,587.37,2059.0,NONE,Filled,50641
2024-12-24T12:33:34+00:00,SPY,SELL,461.9611,100,614.23,814.0,NONE,Filled,50647
2024-12-24T12:35:00+00:00,SPY,BUY,451.6326,100,0.0,0.0,LONG,Filled,50650
2024-12-24T12:54:33+00:00,SPY,SELL,448.5926,100,-304.0,1173.0,NONE,Filled,50651
2024-12-24T13:02:00+00:00,SPY,BUY,451.2042,100,0.0,0.0,LONG,Filled,50636
2024-12-24T13:23:59+00:00,SPY,SELL,454.7647,100,255.77,3239.0,NONE,Filled,50633
2024-12-24T13:24:00+00:00,SPY,BUY,453.8647,100,0.0,0.0,LONG,Filled,50642
2024-12-24T13:41:49+00:00,SPY,SELL,461.0765,100,721.18,1069.0,NONE,Filled,50643
2024-12-24T13:43:00+00:00,SPY,SELL,448.3026,100,-290.16,2460.0,NONE,Filled,50637
2024-12-24T14:02:00+00:00,SPY,BUY,447.1928,100,0.0,0.0,LONG,Filled,50634
2024-12-24T14:12:00+00:00,SPY,BUY,451.4664,100,0.0,0.0,LONG,Filled,50644
2024-12-24T14:40:50+00:00,SPY,SELL,446.142,100,-532.44,1730.0,NONE,Filled,50645
2024-12-24T14:43:11+00:00,SPY,SELL,450.5267,100,333.39,2471.0,NONE,Filled,50635
2024-12-24T15:39:00+00:00,SPY,BUY,448.2822,100,0.0,0.0,LONG,Filled,50630
2024-12-24T15:51:00+00:00,SPY,BUY,451.1893,100,0.0,0.0,LONG,Filled,50628
2024-12-24T15:53:00+00:00,SPY,BUY,454.4181,100,0.0,0.0,LONG,Filled,50652
2024-12-24T15:59:36+00:00,SPY,SELL,453.7292,100,253.99,516.0,NONE,Filled,50629
2024-12-24T16:15:22+00:00,SPY,SELL,443.6996,100,-458.26,2182.0,NONE,Filled,50631
2024-12-24T16:50:17+00:00,SPY,SELL,462.0327,100,761.46,3437.0,NONE,Filled,50653
2024-12-25T09:43:00+00:00,SPY,BUY,448.1499,100,0.0,0.0,LONG,Filled,50664
2024-12-25T10:33:45+00:00,SPY,SELL,454.1596,100,600.96,3045.0,NONE,Filled,50665
2024-12-25T10:55:00+00:00,SPY,BUY,454.0007,100,0.0,0.0,LONG,Filled,50654
2024-12-25T11:22:00+00:00,SPY,BUY,447.5361,100,0.0,0.0,LONG,Filled,50672
2024-12-25T11:22:00+00:00,SPY,BUY,460.3584,100,0.0,0.0,LONG,Filled,50678
2024-12-25T11:26:00+00:00,SPY,BUY,451.4557,100,0.0,0.0,LONG,Filled,50670
2024-12-25T11:38:11+00:00,SPY,SELL,454.5416,100,308.6,731.0,NONE,Filled,50671
2024-12-25T11:51:23+00:00,SPY,SELL,451.5356,100,-246.51,3383.0,NONE,Filled,50655
2024-12-25T11:54:31+00:00,SPY,SELL,455.1534,100,761.73,1951.0,NONE,Filled,50673
2024-12-25T12:03:00+00:00,SPY,BUY,445.2174,100,0.0,0.0,LONG,Filled,50660
2024-12-25T12:12:57+00:00,SPY,SELL,464.723,100,436.46,3057.0,NONE,Filled,50679
2024-12-25T12:35:00+00:00,SPY,BUY,449.2703,100,0.0,0.0,LONG,Filled,50658
2024-12-25T12:41:43+00:00,SPY,SELL,447.6376,100,242.02,2323.0,NONE,Filled,50661
2024-12-25T12:47:00+00:00,SPY,BUY,454.1307,100,0.0,0.0,LONG,Filled,50676
2024-12-25T12:54:17+00:00,SPY,SELL,456.5798,100,244.91,437.0,NONE,Filled,50677
2024-12-25T12:57:23+00:00,SPY,SELL,446.7515,100,-251.88,1343.0,NONE,Filled,50659
2024-12-25T13:43:00+00:00,SPY,BUY,463.5521,100,0.0,0.0,LONG,Filled,50666
2024-12-25T13:49:00+00:00,SPY,BUY,449.3478,100,0.0,0.0,LONG,Filled,50662
2024-12-25T14:20:18+00:00,SPY,SELL,471.6067,100,805.46,2238.0,NONE,Filled,50667
2024-12-25T14:32:00+00:00,SPY,BUY,446.5638,100,0.0,0.0,LONG,Filled,50674
2024-12-25T14:32:40+00:00,SPY,SELL,454.8364,100,548.86,2620.0,NONE,Filled,50663
2024-12-25T14:34:00+00:00,SPY,BUY,445.859,100,0.0,0.0,LONG,Filled,50668
2024-12-25T14:50:03+00:00,SPY,SELL,453.3376,100,747.86,963.0,NONE,Filled,50669
2024-12-25T14:58:23+00:00,SPY,SELL,449.9907,100,342.68,1583.0,NONE,Filled,50675
2024-12-25T15:46:00+00:00,SPY,BUY,458.5961,100,0.0,0.0,LONG,Filled,50656
2024-12-25T16:07:54+00:00,SPY,SELL,464.3426,100,574.66,1314.0,NONE,Filled,50657
2024-12-26T09:36:00+00:00,SPY,BUY,450.7342,100,0.0,0.0,LONG,Filled,50692
2024-12-26T09:52:11+00:00,SPY,SELL,444.1712,100,-656.3,971.0,NONE,Filled,50693
2024-12-26T10:04:00+00:00,SPY,BUY,457.9253,100,0.0,0.0,LONG,Filled,50680
2024-12-26T10:30:00+00:00,SPY,BUY,454.6184,100,0.0,0.0,LONG,Filled,50702
2024-12-26T10:31:52+00:00,SPY,SELL,463.5182,100,559.29,1672.0,NONE,Filled,50681
2024-12-26T10:43:00+00:00,SPY,BUY,453.4449,100,0.0,0.0,LONG,Filled,50682
2024-12-26T11:03:24+00:00,SPY,SELL,450.2604,100,-435.8,2004.0,NONE,Filled,50703
2024-12-26T11:07:00+00:00,SPY,BUY,452.4076,100,0.0,0.0,LONG,Filled,50704
2024-12-26T11:15:05+00:00,SPY,SELL,460.6633,100,721.84,1925.0,NONE,Filled,50683
2024-12-26T11:21:00+00:00,SPY,BUY,451.4021,100,0.0,0.0,LONG,Filled,50706
2024-12-26T11:38:00+00:00,SPY,BUY,451.4578,100,0.0,0.0,LONG,Filled,50684
2024-12-26T11:52:00+00:00,SPY,BUY,450.0778,100,0.0,0.0,LONG,Filled,50694
2024-12-26T12:00:09+00:00,SPY,SELL,461.0873,100,867.97,3189.0,NONE,Filled,50705
2024-12-26T12:09:59+00:00,SPY,SELL,444.921,100,-653.68,1919.0,NONE,Filled,50685
2024-12-26T12:14:00+00:00,SPY,BUY,446.2812,100,0.0,0.0,LONG,Filled,50696
2024-12-26T12:19:35+00:00,SPY,SELL,458.0669,100,666.48,3515.0,NONE,Filled,50707
2024-12-26T12:31:00+00:00,SPY,BUY,457.6536,100,0.0,0.0,LONG,Filled,50688
2024-12-26T12:33:00+00:00,SPY,BUY,452.3782,100,0.0,0.0,LONG,Filled,50690
2024-12-26T12:39:19+00:00,SPY,SELL,445.3551,100,-472.27,2839.0,NONE,Filled,50695
2024-12-26T12:45:41+00:00,SPY,SELL,463.2889,100,563.53,881.0,NONE,Filled,50689
2024-12-26T12:52:34+00:00,SPY,SELL,458.2529,100,587.47,1174.0,NONE,Filled,50691
2024-12-26T13:09:31+00:00,SPY,SELL,450.5791,100,429.79,3331.0,NONE,Filled,50697
2024-12-26T15:10:00+00:00,SPY,BUY,444.0411,100,0.0,0.0,LONG,Filled,50698
2024-12-26T15:22:04+00:00,SPY,SELL,451.057,100,701.59,724.0,NONE,Filled,50699
2024-12-26T15:33:00+00:00,SPY,BUY,447.559,100,0.0,0.0,LONG,Filled,50686
2024-12-26T15:42:29+00:00,SPY,SELL,451.6225,100,406.35,569.0,NONE,Filled,50687
2024-12-26T15:52:00+00:00,SPY,BUY,455.8639,100,0.0,0.0,LONG,Filled,50700
2024-12-26T16:48:02+00:00,SPY,SELL,464.848,100,898.41,3362.0,NONE,Filled,50701
2024-12-27T09:50:00+00:00,SPY,BUY,447.7835,100,0.0,0.0,LONG,Filled,50732
2024-12-27T10:10:23+00:00,SPY,SELL,444.1431,100,-364.04,1223.0,NONE,Filled,50733
2024-12-27T10:37:00+00:00,SPY,BUY,452.8861,100,0.0,0.0,LONG,Filled,50712
2024-12-27T10:45:00+00:00,SPY,BUY,452.4395,100,0.0,0.0,LONG,Filled,50708
2024-12-27T10:54:00+00:00,SPY,BUY,458.0837,100,0.0,0.0,LONG,Filled,50722
2024-12-27T11:22:23+00:00,SPY,SELL,459.6316,100,674.55,2723.0,NONE,Filled,50713
2024-12-27T11:22:59+00:00,SPY,SELL,461.3394,100,889.99,2279.0,NONE,Filled,50709
2024-12-27T11:25:00+00:00,SPY,BUY,451.2827,100,0.0,0.0,LONG,Filled,50714
2024-12-27T11:31:47+00:00,SPY,SELL,453.85,100,-423.37,2267.0,NONE,Filled,50723
2024-12-27T11:46:00+00:00,SPY,BUY,451.811,100,0.0,0.0,LONG,Filled,50730
2024-12-27T12:03:00+00:00,SPY,BUY,453.5687,100,0.0,0.0,LONG,Filled,50736
2024-12-27T12:16:00+00:00,SPY,BUY,458.4938,100,0.0,0.0,LONG,Filled,50718
2024-12-27T12:20:48+00:00,SPY,SELL,458.621,100,733.83,3348.0,NONE,Filled,50715
2024-12-27T12:25:00+00:00,SPY,BUY,451.2739,100,0.0,0.0,LONG,Filled,50728
2024-12-27T12:41:01+00:00,SPY,SELL,463.8197,100,532.59,1501.0,NONE,Filled,50719
2024-12-27T12:42:27+00:00,SPY,SELL,447.8241,100,-398.69,3387.0,NONE,Filled,50731
2024-12-27T12:53:48+00:00,SPY,SELL,457.8537,100,428.5,3048.0,NONE,Filled,50737
2024-12-27T13:20:13+00:00,SPY,SELL,445.2799,100,-599.4,3313.0,NONE,Filled,50729
2024-12-27T13:32:00+00:00,SPY,BUY,448.8291,100,0.0,0.0,LONG,Filled,50710
2024-12-27T13:36:00+00:00,SPY,BUY,454.9324,100,0.0,0.0,LONG,Filled,50734
2024-12-27T13:56:00+00:00,SPY,BUY,454.1209,100,0.0,0.0,LONG,Filled,50720
2024-12-27T14:12:00+00:00,SPY,BUY,450.7995,100,0.0,0.0,LONG,Filled,50726
2024-12-27T14:17:18+00:00,SPY,SELL,462.1159,100,718.35,2478.0,NONE,Filled,50735
2024-12-27T14:17:38+00:00,SPY,SELL,444.5481,100,-428.1,2738.0,NONE,Filled,50711
2024-12-27T14:43:35+00:00,SPY,SELL,449.611,100,-450.99,2855.0,NONE,Filled,50721
2024-12-27T14:45:00+00:00,SPY,BUY,457.0581,100,0.0,0.0,LONG,Filled,50724
2024-12-27T15:08:11+00:00,SPY,SELL,458.0076,100,720.81,3371.0,NONE,Filled,50727
2024-12-27T15:37:02+00:00,SPY,SELL,453.6954,100,-336.27,3122.0,NONE,Filled,50725
2024-12-27T15:38:00+00:00,SPY,BUY,457.7563,100,0.0,0.0,LONG,Filled,50716
2024-12-27T16:35:48+00:00,SPY,SELL,465.5268,100,777.05,3468.0,NONE,Filled,50717
2024-12-28T09:59:00+00:00,SPY,BUY,453.9596,100,0.0,0.0,LONG,Filled,50758
2024-12-28T10:32:00+00:00,SPY,BUY,465.8052,100,0.0,0.0,LONG,Filled,50762
2024-12-28T10:35:00+00:00,SPY,BUY,450.2521,100,0.0,0.0,LONG,Filled,50748
2024-12-28T10:35:44+00:00,SPY,SELL,461.2677,100,730.81,2204.0,NONE,Filled,50759
2024-12-28T10:47:32+00:00,SPY,SELL,474.2322,100,842.7,932.0,NONE,Filled,50763
2024-12-28T11:08:03+00:00,SPY,SELL,458.1566,100,790.45,1983.0,NONE,Filled,50749
2024-12-28T11:29:00+00:00,SPY,BUY,457.9041,100,0.0,0.0,LONG,Filled,50764
2024-12-28T11:43:00+00:00,SPY,BUY,447.3874,100,0.0,0.0,LONG,Filled,50738
2024-12-28T11:48:00+00:00,SPY,BUY,452.1496,100,0.0,0.0,LONG,Filled,50746
2024-12-28T11:57:48+00:00,SPY,SELL,458.9963,100,684.67,588.0,NONE,Filled,50747
2024-12-28T12:03:00+00:00,SPY,BUY,457.8584,100,0.0,0.0,LONG,Filled,50760
2024-12-28T12:10:00+00:00,SPY,BUY,447.5607,100,0.0,0.0,LONG,Filled,50766
2024-12-28T12:11:38+00:00,SPY,SELL,442.5467,100,-484.07,1718.0,NONE,Filled,50739
2024-12-28T12:23:43+00:00,SPY,SELL,460.5104,100,260.63,3283.0,NONE,Filled,50765
2024-12-28T12:35:26+00:00,SPY,SELL,451.3181,100,375.74,1526.0,NONE,Filled,50767
2024-12-28T12:40:00+00:00,SPY,BUY,462.1124,100,0.0,0.0,LONG,Filled,50752
2024-12-28T12:46:51+00:00,SPY,SELL,466.7602,100,890.18,2631.0,NONE,Filled,50761
2024-12-28T13:02:00+00:00,SPY,BUY,456.6739,100,0.0,0.0,LONG,Filled,50740
2024-12-28T13:16:47+00:00,SPY,SELL,460.1475,100,347.37,887.0,NONE,Filled,50741
2024-12-28T13:18:39+00:00,SPY,SELL,456.478,100,-563.44,2319.0,NONE,Filled,50753
2024-12-28T14:06:00+00:00,SPY,BUY,449.7148,100,0.0,0.0,LONG,Filled,50742
2024-12-28T14:43:00+00:00,SPY,BUY,447.8165,100,0.0,0.0,LONG,Filled,50744
2024-12-28T14:54:13+00:00,SPY,SELL,455.0013,100,528.65,2893.0,NONE,Filled,50743
2024-12-28T15:02:55+00:00,SPY,SELL,455.7078,100,789.13,1195.0,NONE,Filled,50745
2024-12-28T15:12:00+00:00,SPY,BUY,453.9984,100,0.0,0.0,LONG,Filled,50750
2024-12-28T15:24:00+00:00,SPY,BUY,458.8611,100,0.0,0.0,LONG,Filled,50754
2024-12-28T15:24:21+00:00,SPY,SELL,458.3476,100,434.92,741.0,NONE,Filled,50751
2024-12-28T15:45:00+00:00,SPY,BUY,448.1695,100,0.0,0.0,LONG,Filled,50756
2024-12-28T15:58:20+00:00,SPY,SELL,452.9677,100,479.81,800.0,NONE,Filled,50757
2024-12-28T16:06:46+00:00,SPY,SELL,461.9193,100,305.82,2566.0,NONE,Filled,50755
2024-12-29T09:37:00+00:00,SPY,BUY,444.7945,100,0.0,0.0,LONG,Filled,50776
2024-12-29T09:44:00+00:00,SPY,BUY,463.0786,100,0.0,0.0,LONG,Filled,50778
2024-12-29T10:07:00+00:00,SPY,BUY,466.9644,100,0.0,0.0,LONG,Filled,50780
2024-12-29T10:14:11+00:00,SPY,SELL,464.8256,100,-213.88,431.0,NONE,Filled,50781
2024-12-29T10:21:39+00:00,SPY,SELL,440.9812,100,-381.33,2679.0,NONE,Filled,50777
2024-12-29T10:33:00+00:00,SPY,BUY,459.0601,100,0.0,0.0,LONG,Filled,50772
2024-12-29T10:33:12+00:00,SPY,SELL,471.9798,100,890.11,2952.0,NONE,Filled,50779
2024-12-29T10:41:00+00:00,SPY,BUY,457.2893,100,0.0,0.0,LONG,Filled,50800
2024-12-29T10:49:00+00:00,SPY,SELL,467.0802,100,802.01,960.0,NONE,Filled,50773
2024-12-29T11:12:00+00:00,SPY,BUY,460.2615,100,0.0,0.0,LONG,Filled,50802
2024-12-29T11:27:32+00:00,SPY,SELL,465.2264,100,793.71,2792.0,NONE,Filled,50801
2024-12-29T11:45:30+00:00,SPY,SELL,457.463,100,-279.85,2010.0,NONE,Filled,50803
2024-12-29T11:56:00+00:00,SPY,BUY,459.7878,100,0.0,0.0,LONG,Filled,50798
2024-12-29T12:01:00+00:00,SPY,SELL,467.1205,100,733.27,300.0,NONE,Filled,50799
2024-12-29T12:21:00+00:00,SPY,BUY,459.3155,100,0.0,0.0,LONG,Filled,50774
2024-12-29T12:26:00+00:00,SPY,BUY,456.6117,100,0.0,0.0,LONG,Filled,50790
2024-12-29T12:32:00+00:00,SPY,BUY,463.4289,100,0.0,0.0,LONG,Filled,50770
2024-12-29T12:42:16+00:00,SPY,SELL,468.1974,100,888.2,1276.0,NONE,Filled,50775
2024-12-29T12:45:00+00:00,SPY,BUY,455.0531,100,0.0,0.0,LONG,Filled,50768
2024-12-29T12:53:05+00:00,SPY,SELL,464.6023,100,799.06,1625.0,NONE,Filled,50791
2024-12-29T12:59:00+00:00,SPY,BUY,456.5839,100,0.0,0.0,LONG,Filled,50786
2024-12-29T13:16:09+00:00,SPY,SELL,453.9054,100,-267.84,1029.0,NONE,Filled,50787
2024-12-29T13:17:01+00:00,SPY,SELL,452.6759,100,-237.72,1921.0,NONE,Filled,50769
2024-12-29T13:18:19+00:00,SPY,SELL,469.7974,100,636.85,2779.0,NONE,Filled,50771
2024-12-29T13:49:00+00:00,SPY,BUY,457.8528,100,0.0,0.0,LONG,Filled,50782
2024-12-29T14:06:00+00:00,SPY,BUY,457.5961,100,0.0,0.0,LONG,Filled,50796
2024-12-29T14:39:00+00:00,SPY,BUY,455.9421,100,0.0,0.0,LONG,Filled,50794
2024-12-29T14:42:21+00:00,SPY,SELL,462.0071,100,415.43,3201.0,NONE,Filled,50783
2024-12-29T15:02:52+00:00,SPY,SELL,464.5201,100,692.4,3412.0,NONE,Filled,50797
2024-12-29T15:10:12+00:00,SPY,SELL,463.8176,100,787.55,1872.0,NONE,Filled,50795
2024-12-29T15:16:00+00:00,SPY,BUY,458.1523,100,0.0,0.0,LONG,Filled,50784
2024-12-29T15:31:00+00:00,SPY,BUY,450.6464,100,0.0,0.0,LONG,Filled,50788
2024-12-29T15:39:30+00:00,SPY,SELL,466.5696,100,841.73,1410.0,NONE,Filled,50785
2024-12-29T15:49:00+00:00,SPY,BUY,456.0904,100,0.0,0.0,LONG,Filled,50792
2024-12-29T15:57:54+00:00,SPY,SELL,456.1057,100,545.93,1614.0,NONE,Filled,50789
2024-12-29T16:26:48+00:00,SPY,SELL,461.0855,100,499.51,2268.0,NONE,Filled,50793
2024-12-30T09:36:00+00:00,SPY,BUY,449.9288,100,0.0,0.0,LONG,Filled,50824
2024-12-30T10:35:33+00:00,SPY,SELL,445.1402,100,-478.85,3573.0,NONE,Filled,50825
2024-12-30T10:42:00+00:00,SPY,BUY,459.8722,100,0.0,0.0,LONG,Filled,50818
2024-12-30T11:14:00+00:00,SPY,BUY,459.7129,100,0.0,0.0,LONG,Filled,50808
2024-12-30T11:25:00+00:00,SPY,BUY,462.2131,100,0.0,0.0,LONG,Filled,50828
2024-12-30T11:27:00+00:00,SPY,BUY,458.0788,100,0.0,0.0,LONG,Filled,50810
2024-12-30T11:27:00+00:00,SPY,BUY,459.3502,100,0.0,0.0,LONG,Filled,50822
2024-12-30T11:35:00+00:00,SPY,BUY,450.2081,100,0.0,0.0,LONG,Filled,50826
2024-12-30T11:41:19+00:00,SPY,SELL,464.8221,100,494.99,3559.0,NONE,Filled,50819
2024-12-30T11:42:28+00:00,SPY,SELL,456.3393,100,-173.95,928.0,NONE,Filled,50811
2024-12-30T11:43:18+00:00,SPY,SELL,462.7881,100,343.8,978.0,NONE,Filled,50823
2024-12-30T11:47:34+00:00,SPY,SELL,460.0468,100,-216.62,1354.0,NONE,Filled,50829
2024-12-30T11:49:35+00:00,SPY,SELL,446.8878,100,-332.03,875.0,NONE,Filled,50827
2024-12-30T11:52:16+00:00,SPY,SELL,466.3978,100,668.49,2296.0,NONE,Filled,50809
2024-12-30T12:10:00+00:00,SPY,BUY,445.7165,100,0.0,0.0,LONG,Filled,50804
2024-12-30T12:44:00+00:00,SPY,BUY,445.4375,100,0.0,0.0,LONG,Filled,50820
2024-12-30T12:44:34+00:00,SPY,SELL,452.9673,100,725.08,2074.0,NONE,Filled,50805
2024-12-30T13:14:00+00:00,SPY,BUY,447.7438,100,0.0,0.0,LONG,Filled,50806
2024-12-30T13:32:27+00:00,SPY,SELL,450.1372,100,469.97,2907.0,NONE,Filled,50821
2024-12-30T13:53:48+00:00,SPY,SELL,442.8084,100,-493.54,2388.0,NONE,Filled,50807
2024-12-30T14:23:00+00:00,SPY,BUY,456.8014,100,0.0,0.0,LONG,Filled,50816
2024-12-30T14:56:01+00:00,SPY,SELL,459.6173,100,281.58,1981.0,NONE,Filled,50817
2024-12-30T15:19:00+00:00,SPY,BUY,446.7977,100,0.0,0.0,LONG,Filled,50812
2024-12-30T15:26:00+00:00,SPY,BUY,455.7597,100,0.0,0.0,LONG,Filled,50814
2024-12-30T15:34:42+00:00,SPY,SELL,463.6219,100,786.22,522.0,NONE,Filled,50815
2024-12-30T15:54:56+00:00,SPY,SELL,451.7082,100,491.05,2156.0,NONE,Filled,50813